,,Total,,,   Monday,,,   Tuesday,,,   Wednesday,,,   Thursday,,,   Friday,,,   Saturday,,,   Sunday,,,   
Time,,sales,labor,Staff(S/B/B/H/F),sales,labor,Staff(S/B/B/H/F),sales,labor,Staff(S/B/B/H/F),sales,labor,Staff(S/B/B/H/F),sales,labor,Staff(S/B/B/H/F),sales,labor,Staff(S/B/B/H/F),sales,labor,Staff(S/B/B/H/F),sales,labor,Staff(S/B/B/H/F),
Total	,week-12,$34530,$7625,(73/8/16/10/21),$4567,$946,(8/0/2/1/2),$4053,$1054,(9/0/3/2/2),$3326,$919,(11/0/2/2/3),$4210,$1253,(10/2/4/2/3),$7322,$1414,(13/2/3/1/4),$6084,$1219,(11/2/2/1/4),$4966,$817,(11/2/0/1/3),
	,week-13,$31815,$6421,(65/5/11/9/20),$2017,$705,(8/0/1/1/2),$3188,$714,(7/0/1/1/3),$4804,$841,(10/0/1/2/2),$2756,$908,(11/0/2/1/4),$6889,$1197,(10/1/2/1/4),$6184,$1179,(11/2/3/1/3),$5973,$874,(8/2/1/2/2),
	,week-14,$29185,$5810,(62/10/16/7/18),$2328,$460,(5/0/0/1/2),$1899,$774,(8/2/3/2/4),$2858,$770,(7/2/2/1/4),$3907,$751,(9/1/1/1/2),$6742,$1100,(10/2/3/2/2),$6981,$1125,(12/2/5/0/2),$4467,$826,(11/1/2/0/2),
	,week-15,$30805,$5781,(56/12/19/10/24),$2204,$496,(5/0/1/1/2),$1441,$619,(7/2/2/1/4),$3060,$713,(6/2/1/2/3),$4551,$925,(8/2/2/1/4),$7911,$1084,(9/2/3/1/4),$7177,$1062,(11/2/4/2/5),$4458,$879,(10/2/6/2/2),
	,week-16,$26357,$5239,(48/20/27/10/21),$1756,$373,(2/1/2/1/2),$2778,$552,(5/3/2/0/2),$2580,$710,(10/3/2/0/3),$1651,$626,(7/3/3/1/4),$7002,$1138,(9/3/6/2/4),$6575,$1044,(8/3/7/4/4),$4012,$793,(7/4/5/2/2),
	,week-17,$31022,$6060,(60/17/19/10/21),$1855,$498,(5/1/1/1/2),$1921,$608,(6/3/0/0/3),$3210,$575,(6/2/1/2/2),$4184,$859,(12/2/2/1/4),$8023,$1139,(9/3/4/1/4),$6431,$1349,(13/3/6/3/4),$5394,$1029,(9/3/5/2/2),
	,week-18,$28573,$6030,(60/13/22/11/23),$2759,$511,(5/1/1/1/2),$2126,$602,(6/2/1/1/3),$3581,$677,(9/2/2/2/3),$2631,$601,(7/2/2/1/5),$6069,$1407,(14/2/5/1/4),$5803,$1293,(11/2/7/3/4),$5600,$936,(8/2/4/2/2),
	,week-19,$44063,$6852,(59/13/28/8/32),$2129,$494,(4/1/2/1/2),$2758,$544,(5/2/1/0/3),$3548,$670,(7/2/3/0/3),$3143,$570,(7/2/3/0/8),$9628,$1464,(13/2/5/1/4),$9469,$1262,(10/2/6/2/4),$13386,$1845,(13/2/8/4/8),
	,week-20,$37465,$6064,(59/13/28/4/21),$3465,$510,(4/1/2/0/2),$2581,$547,(6/1/1/0/2),$4534,$713,(6/2/4/0/2),$4546,$845,(8/2/4/0/3),$7870,$1212,(11/2/7/1/4),$9008,$1275,(16/3/4/2/4),$5458,$960,(8/2/6/1/4),
	,week-21,$46587,$6683,(57/14/34/6/26),$3196,$461,(5/1/2/0/3),$5624,$619,(5/1/2/0/2),$8370,$917,(8/2/2/0/2),$5755,$857,(8/2/4/0/4),$8263,$1378,(12/3/8/1/5),$7480,$1370,(11/2/9/2/6),$7896,$1077,(8/3/7/3/4),
	,week-22,$37849,$6420,(54/13/31/7/21),$4573,$778,(5/2/5/2/2),$3356,$567,(7/1/3/0/0),$3795,$688,(6/2/3/0/3),$5878,$838,(7/2/5/0/3),$7940,$1408,(13/2/5/1/5),$7853,$1203,(8/2/6/2/4),$4451,$934,(8/2/4/2/4),
	,week-23,$40282,$6701,(56/12/37/9/24),$2019,$535,(4/1/4/0/2),$3369,$675,(6/1/5/1/2),$4610,$756,(7/2/3/1/2),$7059,$932,(7/2/5/1/3),$9710,$1391,(12/2/7/1/6),$6245,$1272,(10/2/8/2/5),$7266,$1138,(10/2/5/3/4),
	,week-24,$44874,$6831,(58/12/38/12/24),$2785,$620,(5/1/4/1/2),$5639,$726,(5/1/5/1/3),$3420,$588,(5/3/4/1/2),$6352,$890,(10/2/4/2/3),$9016,$1377,(12/2/7/2/5),$7216,$1198,(10/2/6/2/4),$10443,$1429,(11/1/8/3/5),
	,week-25,$38184,$7337,(54/16/36/13/25),$338,$723,(5/2/3/1/4),$270,$969,(4/3/5/2/2),$5613,$785,(7/2/3/1/2),$7332,$1042,(10/2/5/1/3),$10422,$1488,(10/3/7/2/5),$7398,$1376,(10/2/7/5/4),$6808,$950,(8/2/6/1/5),
	,week-26,$45169,$6604,(55/16/29/13/25),$3488,$542,(5/1/2/1/2),$5412,$703,(4/2/4/1/2),$4922,$830,(7/4/4/1/2),$5530,$949,(10/3/4/2/3),$11202,$1304,(10/2/5/2/6),$8092,$1223,(10/2/5/3/6),$6521,$1050,(9/2/5/3/4),
	,week-27,$37111,$5947,(56/14/32/11/20),$2234,$456,(5/2/3/3/2),$2438,$524,(5/1/4/1/2),$7034,$1053,(8/3/5/2/4),$4755,$752,(7/2/3/1/2),$7554,$1098,(10/2/6/1/4),$7687,$1147,(11/2/6/2/3),$5408,$912,(10/2/5/1/3),
	,week-28,$37544,$6137,(49/10/38/10/20),$2727,$370,(3/1/3/1/2),$5089,$689,(4/1/5/1/2),$4057,$759,(6/2/4/1/3),$4449,$902,(7/1/6/1/2),$7076,$1215,(10/2/6/2/5),$7580,$1189,(10/1/8/1/4),$6563,$1010,(9/2/6/3/2),
	,week-29,$39907,$5842,(48/9/30/12/24),$3190,$423,(4/2/2/1/2),$3362,$593,(5/0/4/0/3),$5114,$698,(5/1/2/1/4),$4787,$752,(6/1/5/1/2),$7763,$1152,(10/2/5/2/5),$9614,$1263,(9/1/7/4/4),$6074,$958,(9/2/5/3/4),
	,week-30,$34543,$5209,(44/10/19/7/26),$3715,$484,(4/1/2/1/2),$2773,$598,(5/0/2/1/4),$3970,$684,(4/1/2/1/4),$5200,$640,(6/1/3/1/3),$8165,$1044,(10/2/3/1/5),$6924,$975,(9/2/5/1/4),$3792,$780,(6/3/2/1/4),
	,week-31,$35905,$4976,(45/12/23/4/16),$2761,$395,(4/1/2/0/2),$3334,$640,(5/1/2/1/3),$5141,$639,(5/2/2/1/3),$4097,$720,(8/2/4/1/3),$9274,$1071,(9/3/4/0/4),$6506,$912,(8/1/5/1/1),$4789,$596,(6/2/4/0/0),
	,week-32,$39308,$5661,(43/9/29/10/26),$3056,$539,(3/2/2/1/2),$3618,$621,(4/1/2/1/4),$4633,$654,(5/1/3/1/3),$6393,$846,(6/1/5/2/4),$8114,$1233,(9/2/7/3/4),$8097,$1044,(9/1/5/1/5),$5394,$722,(7/1/5/1/4),
	,week-33,$5318,$764,(9/1/7/1/4),$3823,$536,(5/1/4/1/2),$1494,$228,(4/0/3/0/2),$0,$0,(0/0/0/0/0),$0,$0,(0/0/0/0/0),$0,$0,(0/0/0/0/0),$0,$0,(0/0/0/0/0),$0,$0,(0/0/0/0/0),

Lunch	,week-12,$9348,$2164,(29/2/5/3/10),$1339,$316,(3/0/1/0/1),$843,$287,(3/0/1/1/1),$770,$222,(4/0/0/0/1),$1301,$356,(4/0/2/1/1),$1709,$234,(3/0/1/0/2),$1555,$380,(5/1/0/0/2),$1828,$366,(7/1/0/1/2),
	,week-13,$8502,$1912,(27/2/2/5/8),$382,$165,(3/0/0/0/1),$566,$173,(2/0/0/1/1),$1394,$215,(3/0/0/1/1),$858,$305,(6/0/0/1/1),$1544,$338,(5/0/0/0/2),$1492,$386,(5/1/1/1/1),$2263,$327,(3/1/1/1/1),
	,week-14,$9477,$1930,(28/5/3/4/9),$339,$141,(2/0/0/0/1),$498,$283,(4/1/1/2/2),$818,$287,(3/1/1/1/2),$1926,$228,(4/0/0/1/1),$1995,$317,(5/1/0/0/1),$2080,$336,(6/1/0/0/1),$1819,$335,(4/1/1/0/1),
	,week-15,$9447,$1865,(25/6/5/6/12),$635,$117,(2/0/0/0/1),$513,$256,(4/1/0/1/2),$803,$266,(3/1/0/1/2),$1118,$257,(3/1/0/1/2),$2077,$280,(4/1/0/0/2),$2198,$351,(4/1/2/1/2),$2101,$334,(5/1/3/2/1),
	,week-16,$8189,$1765,(24/6/8/5/10),$390,$85,(1/0/0/0/1),$503,$148,(3/1/0/0/1),$1322,$263,(6/1/1/0/1),$1182,$305,(4/1/1/1/2),$2111,$344,(4/1/1/0/2),$1626,$358,(3/1/3/3/2),$1053,$258,(3/1/2/1/1),
	,week-17,$10223,$1945,(26/6/6/4/10),$272,$116,(2/0/0/0/1),$599,$245,(3/1/0/0/1),$1281,$186,(3/1/0/1/1),$1690,$289,(5/1/1/1/2),$3450,$360,(4/1/1/0/2),$1684,$408,(5/1/2/1/2),$1243,$337,(4/1/2/1/1),
	,week-18,$8522,$1719,(24/6/8/4/11),$1374,$131,(2/0/0/0/1),$633,$152,(3/1/0/0/1),$1141,$205,(4/1/1/1/1),$853,$237,(3/1/1/1/3),$1418,$374,(6/1/1/0/2),$1053,$294,(3/1/3/1/2),$2048,$324,(3/1/2/1/1),
	,week-19,$16240,$2388,(24/6/11/2/15),$443,$154,(2/0/1/0/1),$366,$145,(2/1/0/0/1),$1035,$190,(3/1/1/0/1),$700,$209,(3/1/1/0/2),$3746,$401,(5/1/1/0/2),$2865,$375,(3/1/3/0/2),$7082,$912,(6/1/4/2/6),
	,week-20,$10702,$2083,(25/5/14/2/10),$602,$166,(2/0/1/0/1),$828,$185,(2/0/1/0/1),$1086,$241,(2/1/2/0/1),$1670,$260,(4/1/2/0/1),$1644,$337,(4/1/2/0/2),$2819,$501,(8/1/2/1/2),$2050,$391,(3/1/4/1/2),
	,week-21,$15694,$2249,(24/7/16/3/13),$638,$150,(2/0/1/0/2),$2765,$209,(2/0/1/0/1),$3052,$269,(3/1/1/0/1),$2501,$320,(4/1/2/0/2),$2215,$372,(5/2/3/0/2),$2004,$461,(4/1/4/1/3),$2516,$464,(4/2/4/2/2),
	,week-22,$14201,$2047,(22/6/13/4/10),$2645,$300,(2/1/2/2/1),$1301,$145,(3/0/1/0/0),$1809,$191,(2/1/1/0/1),$2282,$280,(3/1/2/0/2),$2228,$354,(6/1/1/0/2),$2102,$393,(3/1/3/1/2),$1831,$381,(3/1/3/1/2),
	,week-23,$14085,$2253,(26/5/17/3/10),$503,$170,(2/0/2/0/1),$596,$206,(3/0/3/0/1),$1482,$219,(3/1/1/0/1),$1675,$293,(3/1/2/0/2),$3514,$449,(6/1/3/0/1),$2034,$419,(4/1/4/1/2),$4278,$495,(5/1/2/2/2),
	,week-24,$15572,$2353,(27/6/17/4/10),$666,$184,(2/0/2/0/1),$1964,$213,(2/0/2/0/1),$1222,$170,(3/2/2/0/1),$1790,$301,(5/1/1/1/2),$3373,$430,(6/1/3/0/2),$1861,$425,(4/1/3/1/1),$4694,$626,(5/1/4/2/2),
	,week-25,$12850,$2114,(22/6/14/5/10),$338,$104,(2/0/1/0/1),$0,$53,(0/0/1/0/0),$930,$226,(3/1/1/0/1),$2851,$413,(5/1/2/1/2),$3952,$446,(4/2/3/0/2),$2197,$477,(4/1/3/4/1),$2581,$392,(4/1/3/0/3),
	,week-26,$17323,$2066,(23/6/11/5/11),$941,$141,(2/0/1/0/1),$1927,$115,(1/0/1/0/1),$1643,$251,(3/1/2/0/1),$2633,$373,(5/2/2/2/1),$4886,$389,(4/1/2/0/2),$2443,$453,(4/1/2/2/3),$2846,$341,(4/1/1/1/2),
	,week-27,$12790,$2065,(23/6/17/5/10),$698,$119,(3/1/2/2/1),$1152,$201,(2/0/2/0/1),$3651,$437,(4/1/3/1/2),$1922,$317,(3/1/2/1/1),$1523,$279,(3/1/3/0/2),$2052,$426,(4/1/3/1/1),$1789,$283,(4/1/2/0/2),
	,week-28,$11136,$2086,(21/3/16/2/10),$186,$99,(1/0/1/0/1),$1323,$254,(2/0/3/0/1),$1635,$273,(2/1/1/0/2),$1865,$324,(3/0/3/0/1),$2357,$399,(4/1/3/0/2),$1831,$398,(4/0/3/1/2),$1936,$335,(5/1/2/1/1),
	,week-29,$13356,$1808,(18/3/13/2/11),$1200,$134,(2/1/1/0/1),$681,$152,(2/0/1/0/1),$2124,$212,(2/0/1/0/2),$1554,$246,(2/0/3/0/1),$2236,$305,(3/1/2/0/2),$2638,$374,(3/0/3/1/2),$2920,$384,(4/1/2/1/2),
	,week-30,$11661,$1603,(19/2/9/0/13),$1008,$137,(2/0/1/0/1),$761,$200,(2/0/1/0/2),$1615,$249,(2/0/1/0/2),$552,$166,(3/0/1/0/2),$2433,$313,(4/1/2/0/2),$1497,$259,(3/0/2/0/2),$3792,$275,(3/1/1/0/2),
	,week-31,$11673,$1639,(20/5/10/0/9),$889,$131,(2/0/1/0/1),$1124,$220,(2/0/1/0/2),$2239,$263,(3/1/1/0/2),$1903,$230,(4/1/2/0/1),$3315,$353,(3/2/2/0/2),$1193,$250,(3/0/2/0/1),$1008,$189,(3/1/1/0/0),
	,week-32,$10821,$1725,(18/2/13/2/12),$650,$164,(1/1/1/0/1),$971,$207,(2/0/1/0/2),$1078,$195,(2/0/1/0/2),$2516,$277,(3/0/3/0/1),$1827,$351,(4/1/3/1/2),$2119,$331,(3/0/2/1/2),$1658,$197,(3/0/2/0/2),
	,week-33,$2656,$408,(6/0/5/0/3),$1162,$179,(2/0/2/0/1),$1494,$228,(4/0/3/0/2),$0,$0,(0/0/0/0/0),$0,$0,(0/0/0/0/0),$0,$0,(0/0/0/0/0),$0,$0,(0/0/0/0/0),$0,$0,(0/0/0/0/0),

Dinner	,week-12,$25182,$5461,(50/6/11/7/11),$3228,$630,(8/0/1/1/1),$3209,$767,(7/0/2/1/1),$2555,$697,(7/0/2/2/2),$2908,$897,(8/2/2/1/2),$5613,$1180,(10/2/2/1/2),$4528,$838,(6/1/2/1/2),$3138,$450,(4/1/0/0/1),
	,week-13,$23312,$4509,(38/3/9/4/13),$1634,$540,(5/0/1/1/1),$2621,$541,(5/0/1/0/2),$3410,$625,(7/0/1/1/1),$1898,$603,(5/0/2/0/3),$5345,$858,(5/1/2/1/3),$4691,$792,(6/1/2/0/2),$3709,$547,(5/1/0/1/1),
	,week-14,$19708,$3880,(34/5/13/3/9),$1989,$319,(3/0/0/1/1),$1401,$491,(4/1/2/0/2),$2040,$483,(4/1/1/0/2),$1981,$522,(5/1/1/0/1),$4746,$783,(5/1/3/2/1),$4901,$789,(6/1/5/0/1),$2648,$491,(7/0/1/0/1),
	,week-15,$21357,$3916,(31/6/14/4/12),$1569,$378,(3/0/1/1/1),$927,$363,(3/1/2/0/2),$2257,$446,(3/1/1/1/1),$3433,$667,(5/1/2/0/2),$5834,$804,(5/1/3/1/2),$4978,$710,(7/1/2/1/3),$2356,$545,(5/1/3/0/1),
	,week-16,$18167,$3473,(25/14/19/5/12),$1365,$288,(1/1/2/1/1),$2274,$404,(2/2/2/0/1),$1258,$446,(4/2/1/0/2),$469,$320,(3/2/2/0/2),$4891,$793,(6/2/5/2/3),$4948,$685,(5/2/4/1/2),$2959,$534,(4/3/3/1/1),
	,week-17,$20798,$4115,(34/11/13/6/11),$1582,$381,(3/1/1/1/1),$1321,$362,(3/2/0/0/2),$1929,$388,(3/1/1/1/1),$2494,$569,(7/1/1/0/2),$4573,$779,(5/2/3/1/2),$4746,$940,(8/2/4/2/2),$4150,$692,(5/2/3/1/1),
	,week-18,$20050,$4310,(36/7/14/7/12),$1384,$380,(3/1/1/1/1),$1492,$450,(3/1/1/1/2),$2440,$471,(5/1/1/1/2),$1778,$364,(4/1/1/0/2),$4651,$1033,(8/1/4/1/2),$4750,$999,(8/1/4/2/2),$3552,$611,(5/1/2/1/1),
	,week-19,$27823,$4464,(36/7/18/6/17),$1685,$339,(2/1/1/1/1),$2391,$399,(3/1/1/0/2),$2512,$480,(4/1/2/0/2),$2443,$361,(4/1/2/0/6),$5882,$1063,(8/1/4/1/2),$6604,$887,(7/1/3/2/2),$6303,$933,(8/1/5/2/2),
	,week-20,$26762,$3981,(34/8/17/2/11),$2862,$344,(2/1/1/0/1),$1753,$361,(4/1/0/0/1),$3447,$471,(4/1/2/0/1),$2875,$585,(4/1/2/0/2),$6226,$874,(7/1/6/1/2),$6189,$773,(8/2/3/1/2),$3408,$569,(5/1/3/0/2),
	,week-21,$30893,$4433,(34/7/20/3/14),$2557,$310,(3/1/1/0/1),$2858,$409,(4/1/1/0/1),$5318,$647,(5/1/1/0/2),$3254,$537,(4/1/2/0/2),$6047,$1005,(7/1/7/1/3),$5476,$908,(7/1/5/1/3),$5379,$613,(4/1/3/1/2),
	,week-22,$23648,$4373,(33/7/19/3/11),$1927,$477,(3/1/3/0/1),$2055,$422,(4/1/3/0/0),$1985,$497,(4/1/2/0/2),$3595,$558,(4/1/3/0/1),$5712,$1053,(8/1/4/1/3),$5751,$810,(5/1/3/1/2),$2619,$553,(5/1/1/1/2),
	,week-23,$26196,$4447,(31/7/21/6/14),$1515,$365,(2/1/2/0/1),$2773,$468,(3/1/2/1/1),$3127,$537,(4/1/2/1/1),$5383,$638,(4/1/3/1/1),$6196,$941,(7/1/5/1/5),$4211,$852,(6/1/4/1/3),$2988,$643,(5/1/3/1/2),
	,week-24,$29301,$4478,(34/6/21/8/15),$2119,$435,(3/1/2/1/1),$3675,$512,(4/1/3/1/2),$2198,$417,(3/1/2/1/2),$4561,$589,(5/1/3/1/1),$5643,$946,(7/1/4/2/3),$5354,$773,(6/1/3/1/3),$5749,$802,(6/0/4/1/3),
	,week-25,$25333,$5222,(32/10/22/8/15),$0,$619,(3/2/2/1/3),$270,$916,(4/3/4/2/2),$4683,$559,(4/1/2/1/1),$4481,$628,(5/1/3/0/1),$6470,$1041,(6/1/4/2/3),$5201,$899,(6/1/4/1/3),$4227,$558,(4/1/3/1/2),
	,week-26,$27845,$4538,(32/10/18/8/14),$2547,$401,(3/1/1/1/1),$3484,$588,(3/2/3/1/1),$3278,$579,(4/3/2/1/1),$2896,$576,(5/1/2/0/2),$6315,$915,(6/1/3/2/4),$5648,$769,(6/1/3/1/3),$3675,$708,(5/1/4/2/2),
	,week-27,$24321,$3881,(33/8/15/6/10),$1535,$337,(2/1/1/1/1),$1285,$323,(3/1/2/1/1),$3383,$615,(4/2/2/1/2),$2832,$435,(4/1/1/0/1),$6030,$819,(7/1/3/1/2),$5634,$720,(7/1/3/1/2),$3618,$629,(6/1/3/1/1),
	,week-28,$26408,$4051,(28/7/22/8/10),$2540,$271,(2/1/2/1/1),$3766,$434,(2/1/2/1/1),$2421,$486,(4/1/3/1/1),$2583,$577,(4/1/3/1/1),$4719,$815,(6/1/3/2/3),$5748,$791,(6/1/5/0/2),$4627,$674,(4/1/4/2/1),
	,week-29,$26551,$4034,(30/6/17/10/13),$1990,$288,(2/1/1/1/1),$2680,$441,(3/0/3/0/2),$2989,$486,(3/1/1/1/2),$3232,$506,(4/1/2/1/1),$5527,$847,(7/1/3/2/3),$6976,$889,(6/1/4/3/2),$3154,$574,(5/1/3/2/2),
	,week-30,$22881,$3605,(25/8/10/7/13),$2707,$346,(2/1/1/1/1),$2011,$398,(3/0/1/1/2),$2355,$435,(2/1/1/1/2),$4648,$473,(3/1/2/1/1),$5732,$730,(6/1/1/1/3),$5427,$716,(6/2/3/1/2),$0,$505,(3/2/1/1/2),
	,week-31,$24232,$3336,(25/7/13/4/7),$1872,$263,(2/1/1/0/1),$2210,$420,(3/1/1/1/1),$2902,$376,(2/1/1/1/1),$2193,$490,(4/1/2/1/2),$5958,$717,(6/1/2/0/2),$5312,$661,(5/1/3/1/0),$3781,$406,(3/1/3/0/0),
	,week-32,$28486,$3936,(25/7/16/8/14),$2406,$374,(2/1/1/1/1),$2647,$414,(2/1/1/1/2),$3555,$459,(3/1/2/1/1),$3877,$568,(3/1/2/2/3),$6286,$881,(5/1/4/2/2),$5978,$713,(6/1/3/0/3),$3735,$524,(4/1/3/1/2),
	,week-33,$2661,$356,(3/1/2/1/1),$2661,$356,(3/1/2/1/1),$0,$0,(0/0/0/0/0),$0,$0,(0/0/0/0/0),$0,$0,(0/0/0/0/0),$0,$0,(0/0/0/0/0),$0,$0,(0/0/0/0/0),$0,$0,(0/0/0/0/0),

11:00-12:00	,week-12,$81,$0,(21/1/4/2/5),$40,$0,(3/0/1/0/0),$15,$0,(3/0/1/1/0),$24,$0,(4/0/0/0/1),$0,$0,(4/0/1/1/1),$0,$0,(2/0/1/0/1),$0,$0,(3/1/0/0/0),$0,$0,(2/0/0/0/2),
	,week-13,$0,$0,(24/2/0/4/6),$0,$0,(3/0/0/0/1),$0,$0,(2/0/0/1/1),$0,$0,(3/0/0/1/1),$0,$0,(5/0/0/1/1),$0,$0,(5/0/0/0/2),$0,$0,(4/1/0/1/0),$0,$0,(2/1/0/0/0),
	,week-14,$64,$0,(21/3/2/3/8),$23,$0,(2/0/0/0/1),$0,$0,(3/0/1/1/1),$0,$0,(3/1/1/1/2),$0,$0,(3/0/0/1/1),$40,$0,(4/0/0/0/1),$0,$0,(4/1/0/0/1),$0,$0,(2/1/0/0/1),
	,week-15,$53,$0,(17/2/2/5/11),$0,$0,(1/0/0/0/1),$0,$0,(3/0/0/1/2),$31,$0,(3/0/0/1/2),$0,$0,(3/0/0/1/2),$21,$0,(3/0/0/0/2),$0,$0,(1/1/1/1/1),$0,$0,(3/1/1/1/1),
	,week-16,$14,$0,(17/6/6/3/9),$0,$0,(1/0/0/0/1),$0,$0,(1/1/0/0/1),$14,$0,(3/1/1/0/1),$0,$0,(4/1/1/1/2),$0,$0,(4/1/0/0/2),$0,$0,(3/1/2/2/1),$0,$0,(1/1/2/0/1),
	,week-17,$0,$0,(18/6/6/3/7),$0,$0,(1/0/0/0/1),$0,$0,(3/1/0/0/1),$0,$0,(3/1/0/1/1),$0,$0,(4/1/1/1/2),$0,$0,(4/1/1/0/1),$0,$0,(1/1/2/0/0),$0,$0,(2/1/2/1/1),
	,week-18,$0,$1,(21/5/7/3/7),$0,$0,(2/0/0/0/1),$0,$0,(3/1/0/0/1),$0,$0,(4/1/1/1/1),$0,$0,(3/1/1/1/2),$0,$0,(6/1/1/0/2),$0,$0,(1/1/2/0/0),$0,$1,(2/0/2/1/0),
	,week-19,$0,$5,(19/6/8/2/9),$0,$0,(1/0/1/0/1),$0,$0,(2/1/0/0/1),$0,$0,(3/1/1/0/1),$0,$0,(3/1/1/0/2),$0,$0,(4/1/1/0/1),$0,$0,(1/1/0/0/0),$0,$5,(5/1/4/2/3),
	,week-20,$0,$0,(16/3/11/1/5),$0,$0,(2/0/1/0/1),$0,$0,(2/0/1/0/1),$0,$0,(2/1/2/0/1),$0,$0,(3/1/3/0/1),$0,$0,(3/0/1/0/1),$0,$0,(2/1/2/1/0),$0,$0,(2/0/1/0/0),
	,week-21,$0,$3,(22/4/14/2/7),$0,$3,(2/0/1/0/2),$0,$0,(2/0/1/0/1),$0,$0,(4/1/1/0/1),$0,$0,(4/0/2/0/1),$0,$0,(5/1/2/0/1),$0,$0,(2/1/4/1/1),$0,$0,(3/1/3/1/0),
	,week-22,$0,$0,(18/6/13/1/7),$0,$0,(1/1/2/0/1),$0,$0,(2/0/1/0/0),$0,$0,(2/1/1/0/1),$0,$0,(3/1/2/0/2),$0,$0,(5/1/2/0/2),$0,$0,(2/1/3/1/0),$0,$0,(3/1/2/0/1),
	,week-23,$0,$0,(22/3/11/2/9),$0,$0,(2/0/1/0/1),$0,$0,(3/0/1/0/1),$0,$0,(3/0/1/0/1),$0,$0,(3/1/1/0/2),$0,$0,(6/1/3/0/1),$0,$0,(2/0/3/1/1),$0,$0,(3/1/1/1/2),
	,week-24,$0,$15,(23/4/15/4/8),$0,$0,(2/0/2/0/1),$0,$0,(2/0/2/0/1),$0,$12,(2/0/1/0/1),$0,$0,(4/1/1/1/2),$0,$2,(6/1/2/0/1),$0,$0,(3/1/3/1/1),$0,$0,(4/1/4/2/1),
	,week-25,$31,$0,(17/4/11/3/5),$0,$0,(2/0/1/0/1),$0,$0,(0/0/1/0/0),$0,$0,(3/1/1/0/1),$0,$0,(5/0/2/1/1),$31,$0,(2/2/2/0/1),$0,$0,(2/0/3/2/1),$0,$0,(3/1/1/0/0),
	,week-26,$0,$0,(20/6/10/4/7),$0,$0,(2/0/1/0/1),$0,$0,(0/0/1/0/1),$0,$0,(3/1/2/0/1),$0,$0,(4/2/2/2/1),$0,$0,(4/1/1/0/2),$0,$0,(4/1/2/1/1),$0,$0,(3/1/1/1/0),
	,week-27,$29,$0,(14/4/15/3/5),$0,$0,(2/0/1/0/1),$0,$0,(2/0/2/0/1),$29,$0,(2/1/3/1/0),$0,$0,(3/1/2/1/1),$0,$0,(3/1/2/0/1),$0,$0,(1/0/3/1/1),$0,$0,(1/1/2/0/0),
	,week-28,$0,$0,(13/3/12/2/8),$0,$0,(1/0/0/0/1),$0,$0,(1/0/3/0/1),$0,$0,(2/1/1/0/2),$0,$0,(3/0/2/0/1),$0,$0,(3/1/3/0/2),$0,$0,(2/0/2/1/1),$0,$0,(1/1/1/1/0),
	,week-29,$13,$0,(12/2/10/0/7),$0,$0,(2/0/1/0/1),$13,$0,(2/0/2/0/1),$0,$0,(2/0/1/0/2),$0,$0,(2/0/3/0/1),$0,$0,(2/1/2/0/2),$0,$0,(1/0/1/0/0),$0,$0,(1/1/0/0/0),
	,week-30,$0,$0,(16/1/6/0/11),$0,$0,(2/0/0/0/1),$0,$0,(2/0/1/0/2),$0,$0,(2/0/1/0/2),$0,$0,(2/0/1/0/2),$0,$0,(4/1/2/0/1),$0,$0,(2/0/1/0/2),$0,$0,(2/0/0/0/1),
	,week-31,$0,$0,(16/3/6/0/8),$0,$0,(2/0/0/0/1),$0,$0,(2/0/1/0/2),$0,$0,(3/0/1/0/2),$0,$0,(2/1/1/0/1),$0,$0,(3/1/2/0/2),$0,$0,(3/0/1/0/0),$0,$0,(1/1/0/0/0),
	,week-32,$53,$0,(13/2/8/1/8),$0,$0,(1/1/1/0/1),$0,$0,(2/0/1/0/2),$0,$0,(2/0/1/0/2),$0,$0,(2/0/2/0/1),$53,$0,(4/1/2/1/2),$0,$0,(1/0/1/0/0),$0,$0,(1/0/0/0/0),
	,week-33,$0,$0,(3/0/3/0/3),$0,$0,(1/0/1/0/1),$0,$0,(2/0/2/0/2),$0,$0,(0/0/0/0/0),$0,$0,(0/0/0/0/0),$0,$0,(0/0/0/0/0),$0,$0,(0/0/0/0/0),$0,$0,(0/0/0/0/0),

12:00-13:00	,week-12,$714,$0,(26/2/4/3/9),$305,$0,(3/0/1/0/1),$84,$0,(3/0/1/1/1),$44,$0,(4/0/0/0/1),$90,$0,(4/0/1/1/1),$131,$0,(3/0/1/0/1),$55,$0,(5/1/0/0/2),$0,$0,(4/1/0/1/2),
	,week-13,$1050,$31,(27/2/2/5/8),$74,$0,(3/0/0/0/1),$70,$0,(2/0/0/1/1),$145,$0,(3/0/0/1/1),$155,$14,(6/0/0/1/1),$330,$0,(5/0/0/0/2),$73,$16,(5/1/1/1/1),$197,$0,(3/1/1/1/1),
	,week-14,$1293,$6,(25/5/3/3/8),$204,$0,(2/0/0/0/1),$205,$0,(3/1/1/1/1),$407,$0,(3/1/1/1/2),$144,$0,(3/0/0/1/1),$267,$0,(5/1/0/0/1),$61,$6,(5/1/0/0/1),$0,$0,(4/1/1/0/1),
	,week-15,$781,$0,(23/6/3/5/12),$154,$0,(2/0/0/0/1),$114,$0,(3/1/0/1/2),$200,$0,(3/1/0/1/2),$153,$0,(3/1/0/1/2),$53,$0,(4/1/0/0/2),$59,$0,(4/1/2/1/2),$42,$0,(4/1/1/1/1),
	,week-16,$631,$0,(20/6/7/3/10),$0,$0,(1/0/0/0/1),$177,$0,(2/1/0/0/1),$73,$0,(3/1/1/0/1),$145,$0,(4/1/1/1/2),$158,$0,(4/1/1/0/2),$75,$0,(3/1/2/1/2),$0,$0,(3/1/2/1/1),
	,week-17,$717,$27,(24/6/6/4/10),$94,$0,(2/0/0/0/1),$30,$0,(3/1/0/0/1),$136,$0,(3/1/0/1/1),$134,$0,(4/1/1/1/2),$274,$0,(4/1/1/0/2),$3,$14,(5/1/2/1/2),$40,$13,(3/1/2/1/1),
	,week-18,$1175,$0,(23/6/7/2/10),$208,$0,(2/0/0/0/1),$65,$0,(3/1/0/0/1),$245,$0,(4/1/1/1/1),$127,$0,(3/1/1/1/2),$392,$0,(6/1/1/0/2),$40,$0,(2/1/2/0/2),$92,$0,(3/1/2/0/1),
	,week-19,$447,$0,(24/6/9/2/13),$0,$0,(2/0/1/0/1),$142,$0,(2/1/0/0/1),$44,$0,(3/1/1/0/1),$74,$0,(3/1/1/0/2),$126,$0,(5/1/1/0/2),$57,$0,(3/1/2/0/2),$0,$0,(6/1/3/2/4),
	,week-20,$734,$12,(22/4/13/2/10),$59,$0,(2/0/1/0/1),$39,$0,(2/0/1/0/1),$61,$0,(2/1/2/0/1),$281,$0,(3/1/3/0/1),$179,$0,(4/0/1/0/2),$49,$1,(6/1/2/1/2),$60,$11,(3/1/3/1/2),
	,week-21,$970,$10,(25/6/14/2/12),$156,$0,(2/0/1/0/1),$137,$0,(2/0/1/0/1),$79,$0,(4/1/1/0/1),$432,$0,(4/1/2/0/2),$63,$0,(5/1/2/0/2),$98,$0,(4/1/3/1/3),$0,$10,(4/2/4/1/2),
	,week-22,$843,$14,(21/6/13/4/10),$297,$0,(2/1/2/2/1),$61,$0,(2/0/1/0/0),$144,$0,(2/1/1/0/1),$42,$0,(3/1/2/0/2),$219,$0,(6/1/2/0/2),$58,$0,(3/1/3/1/2),$16,$14,(3/1/2/1/2),
	,week-23,$1035,$0,(26/5/15/2/10),$132,$0,(2/0/2/0/1),$73,$0,(3/0/2/0/1),$117,$0,(3/1/1/0/1),$349,$0,(3/1/2/0/2),$360,$0,(6/1/3/0/1),$0,$0,(4/1/3/1/2),$0,$0,(5/1/2/1/2),
	,week-24,$625,$0,(24/5/16/4/10),$9,$0,(2/0/2/0/1),$379,$0,(2/0/2/0/1),$47,$0,(2/1/1/0/1),$73,$0,(4/1/1/1/2),$113,$0,(5/1/3/0/2),$0,$0,(4/1/3/1/1),$0,$0,(5/1/4/2/2),
	,week-25,$630,$5,(22/6/14/5/10),$183,$0,(2/0/1/0/1),$0,$0,(0/0/1/0/0),$53,$0,(3/1/1/0/1),$179,$0,(5/1/2/1/2),$153,$0,(4/2/3/0/2),$0,$5,(4/1/3/4/1),$58,$0,(4/1/3/0/3),
	,week-26,$658,$27,(22/6/11/4/12),$71,$0,(2/0/1/0/1),$62,$0,(1/0/1/0/1),$375,$0,(3/1/2/0/1),$0,$0,(4/2/2/1/1),$147,$0,(4/1/2/0/2),$0,$27,(4/1/2/2/4),$0,$0,(4/1/1/1/2),
	,week-27,$644,$0,(21/5/15/3/8),$100,$0,(2/0/1/0/0),$0,$0,(2/0/2/0/1),$79,$0,(3/1/3/1/2),$278,$0,(3/1/2/1/1),$184,$0,(3/1/2/0/2),$0,$0,(4/1/3/1/1),$0,$0,(4/1/2/0/1),
	,week-28,$614,$0,(19/3/16/2/10),$24,$0,(1/0/1/0/1),$33,$0,(2/0/3/0/1),$200,$0,(2/1/1/0/2),$164,$0,(3/0/3/0/1),$147,$0,(4/1/3/0/2),$41,$0,(3/0/3/1/2),$0,$0,(4/1/2/1/1),
	,week-29,$1306,$23,(18/2/14/2/11),$158,$0,(2/0/1/0/1),$305,$23,(2/0/2/0/1),$353,$0,(2/0/1/0/2),$178,$0,(2/0/3/0/1),$280,$0,(3/1/2/0/2),$0,$0,(3/0/3/1/2),$28,$0,(4/1/2/1/2),
	,week-30,$554,$0,(19/1/9/0/13),$0,$0,(2/0/1/0/1),$94,$0,(2/0/1/0/2),$184,$0,(2/0/1/0/2),$196,$0,(3/0/1/0/2),$77,$0,(4/1/2/0/2),$0,$0,(3/0/2/0/2),$0,$0,(3/0/1/0/2),
	,week-31,$822,$0,(19/3/9/0/9),$265,$0,(2/0/1/0/1),$53,$0,(2/0/1/0/2),$101,$0,(3/0/1/0/2),$113,$0,(3/1/1/0/1),$220,$0,(3/1/2/0/2),$38,$0,(3/0/2/0/1),$26,$0,(3/1/1/0/0),
	,week-32,$554,$0,(18/2/13/2/12),$98,$0,(1/1/1/0/1),$193,$0,(2/0/1/0/2),$0,$0,(2/0/1/0/2),$126,$0,(3/0/3/0/1),$134,$0,(4/1/3/1/2),$0,$0,(3/0/2/1/2),$0,$0,(3/0/2/0/2),
	,week-33,$64,$0,(4/0/4/0/2),$0,$0,(2/0/2/0/1),$64,$0,(2/0/2/0/1),$0,$0,(0/0/0/0/0),$0,$0,(0/0/0/0/0),$0,$0,(0/0/0/0/0),$0,$0,(0/0/0/0/0),$0,$0,(0/0/0/0/0),

13:00-14:00	,week-12,$3206,$0,(26/2/4/3/9),$441,$0,(3/0/1/0/1),$497,$0,(3/0/1/1/1),$306,$0,(4/0/0/0/1),$313,$0,(4/0/1/1/1),$743,$0,(3/0/1/0/1),$287,$0,(5/1/0/0/2),$616,$0,(4/1/0/1/2),
	,week-13,$3780,$96,(25/2/2/5/8),$213,$0,(3/0/0/0/1),$342,$34,(2/0/0/1/1),$694,$27,(3/0/0/1/1),$568,$0,(5/0/0/1/1),$804,$0,(5/0/0/0/2),$261,$33,(4/1/1/1/1),$895,$0,(3/1/1/1/1),
	,week-14,$3339,$56,(24/5/3/4/8),$64,$0,(2/0/0/0/1),$273,$0,(3/1/1/1/1),$254,$56,(3/1/1/1/2),$705,$0,(3/0/0/1/1),$982,$0,(5/1/0/1/1),$488,$0,(4/1/0/0/1),$570,$0,(4/1/1/0/1),
	,week-15,$3990,$121,(23/6/4/5/12),$410,$0,(2/0/0/0/1),$121,$55,(3/1/0/1/2),$318,$32,(3/1/0/1/2),$807,$32,(3/1/0/1/2),$1645,$0,(4/1/0/0/2),$470,$0,(4/1/2/1/2),$215,$0,(4/1/2/1/1),
	,week-16,$4438,$190,(20/6/7/3/10),$282,$0,(1/0/0/0/1),$252,$33,(2/1/0/0/1),$957,$0,(3/1/1/0/1),$1006,$156,(4/1/1/1/2),$1119,$0,(4/1/1/0/2),$501,$0,(3/1/2/1/2),$318,$0,(3/1/2/1/1),
	,week-17,$6591,$122,(25/6/4/4/10),$149,$0,(2/0/0/0/1),$426,$0,(3/1/0/0/1),$989,$31,(3/1/0/1/1),$1522,$90,(4/1/1/1/2),$2590,$0,(4/1/1/0/2),$524,$0,(5/1/1/1/2),$387,$0,(4/1/1/1/1),
	,week-18,$3328,$306,(24/6/7/3/11),$682,$0,(2/0/0/0/1),$550,$34,(3/1/0/0/1),$402,$57,(4/1/1/1/1),$634,$123,(3/1/1/1/3),$524,$61,(6/1/1/0/2),$139,$29,(3/1/2/1/2),$393,$0,(3/1/2/0/1),
	,week-19,$6752,$65,(24/6/10/2/13),$362,$0,(2/0/1/0/1),$143,$65,(2/1/0/0/1),$786,$0,(3/1/1/0/1),$406,$0,(3/1/1/0/2),$2294,$0,(5/1/1/0/2),$535,$0,(3/1/3/0/2),$2223,$0,(6/1/3/2/4),
	,week-20,$4257,$61,(21/5/13/2/10),$257,$0,(2/0/1/0/1),$468,$0,(2/0/1/0/1),$668,$0,(2/1/2/0/1),$759,$0,(3/1/3/0/1),$1146,$61,(4/1/2/0/2),$528,$0,(5/1/2/1/2),$428,$0,(3/1/2/1/2),
	,week-21,$6864,$125,(25/5/13/2/12),$274,$0,(2/0/1/0/1),$672,$0,(2/0/1/0/1),$998,$0,(4/1/1/0/1),$1745,$23,(4/1/2/0/2),$1762,$45,(5/1/2/0/2),$481,$57,(4/1/3/1/3),$929,$0,(4/1/3/1/2),
	,week-22,$6155,$226,(21/6/12/4/10),$279,$0,(2/1/2/2/1),$286,$0,(2/0/1/0/0),$1191,$0,(2/1/1/0/1),$1409,$26,(3/1/2/0/2),$1823,$158,(6/1/2/0/2),$531,$42,(3/1/3/1/2),$633,$0,(3/1/1/1/2),
	,week-23,$4147,$221,(26/5/15/2/10),$279,$23,(2/0/2/0/1),$348,$126,(3/0/2/0/1),$558,$16,(3/1/1/0/1),$478,$0,(3/1/2/0/2),$1610,$55,(6/1/3/0/1),$370,$0,(4/1/3/1/2),$500,$0,(5/1/2/1/2),
	,week-24,$8455,$117,(24/5/16/4/10),$363,$30,(2/0/2/0/1),$1511,$0,(2/0/2/0/1),$1050,$40,(2/1/1/0/1),$1553,$16,(4/1/1/1/2),$1914,$30,(5/1/3/0/2),$448,$0,(4/1/3/1/1),$1612,$0,(5/1/4/2/2),
	,week-25,$5281,$101,(22/6/14/3/9),$154,$41,(2/0/1/0/1),$0,$0,(0/0/1/0/0),$699,$0,(3/1/1/0/1),$911,$18,(5/1/2/1/2),$2499,$40,(4/2/3/0/2),$517,$0,(4/1/3/2/1),$499,$0,(4/1/3/0/2),
	,week-26,$8173,$25,(22/6/11/3/11),$808,$0,(2/0/1/0/1),$1344,$0,(1/0/1/0/1),$1074,$0,(3/1/2/0/1),$2354,$25,(4/2/2/1/1),$1694,$0,(4/1/2/0/2),$333,$0,(4/1/2/1/3),$562,$0,(4/1/1/1/2),
	,week-27,$4889,$91,(21/5/15/3/8),$528,$0,(2/0/1/0/0),$647,$0,(2/0/2/0/1),$334,$0,(3/1/3/1/2),$1350,$32,(3/1/2/1/1),$1084,$59,(3/1/2/0/2),$358,$0,(4/1/3/1/1),$585,$0,(4/1/2/0/1),
	,week-28,$4758,$0,(19/3/16/2/10),$117,$0,(1/0/1/0/1),$852,$0,(2/0/3/0/1),$498,$0,(2/1/1/0/2),$1042,$0,(3/0/3/0/1),$1542,$0,(4/1/3/0/2),$272,$0,(3/0/3/1/2),$431,$0,(4/1/2/1/1),
	,week-29,$4044,$54,(17/2/14/2/11),$593,$17,(2/0/1/0/1),$328,$36,(1/0/2/0/1),$562,$0,(2/0/1/0/2),$756,$0,(2/0/3/0/1),$736,$0,(3/1/2/0/2),$567,$0,(3/0/3/1/2),$499,$0,(4/1/2/1/2),
	,week-30,$6086,$134,(19/2/9/0/13),$612,$0,(2/0/1/0/1),$555,$0,(2/0/1/0/2),$1286,$0,(2/0/1/0/2),$328,$102,(3/0/1/0/2),$2007,$31,(4/1/2/0/2),$855,$0,(3/0/2/0/2),$440,$0,(3/1/1/0/2),
	,week-31,$5821,$55,(19/4/9/0/9),$546,$0,(2/0/1/0/1),$808,$0,(2/0/1/0/2),$943,$21,(3/1/1/0/2),$1612,$33,(3/1/1/0/1),$1669,$0,(3/1/2/0/2),$73,$0,(3/0/2/0/1),$166,$0,(3/1/1/0/0),
	,week-32,$4942,$127,(17/2/13/2/12),$551,$0,(1/1/1/0/1),$200,$0,(2/0/1/0/2),$811,$33,(2/0/1/0/2),$1265,$0,(3/0/3/0/1),$1290,$93,(4/1/3/1/2),$482,$0,(3/0/2/1/2),$339,$0,(2/0/2/0/2),
	,week-33,$1544,$33,(4/0/4/0/2),$303,$0,(2/0/2/0/1),$1241,$33,(2/0/2/0/1),$0,$0,(0/0/0/0/0),$0,$0,(0/0/0/0/0),$0,$0,(0/0/0/0/0),$0,$0,(0/0/0/0/0),$0,$0,(0/0/0/0/0),

14:00-15:00	,week-12,$4216,$615,(26/2/4/3/10),$359,$0,(3/0/1/0/1),$199,$198,(3/0/1/1/1),$358,$180,(4/0/0/0/1),$734,$81,(4/0/1/1/1),$544,$43,(3/0/1/0/2),$878,$45,(5/1/0/0/2),$1141,$66,(4/1/0/1/2),
	,week-13,$2967,$915,(25/2/2/2/8),$93,$165,(3/0/0/0/1),$152,$93,(2/0/0/0/1),$494,$126,(3/0/0/0/1),$133,$290,(5/0/0/1/1),$137,$238,(5/0/0/0/2),$879,$0,(4/1/1/0/1),$1076,$0,(3/1/1/1/1),
	,week-14,$2710,$805,(24/5/3/4/9),$0,$89,(2/0/0/0/1),$19,$283,(4/1/1/2/2),$106,$230,(2/1/1/0/2),$478,$76,(3/0/0/1/1),$531,$126,(5/1/0/1/1),$720,$0,(4/1/0/0/1),$854,$0,(4/1/1/0/1),
	,week-15,$3158,$973,(24/5/4/1/12),$69,$117,(2/0/0/0/1),$241,$201,(4/0/0/0/2),$251,$187,(3/1/0/0/2),$156,$224,(3/1/0/0/2),$283,$242,(4/1/0/0/2),$740,$0,(4/1/2/1/2),$1414,$0,(4/1/2/0/1),
	,week-16,$2379,$1113,(19/4/7/2/9),$48,$85,(1/0/0/0/1),$72,$115,(3/0/0/0/1),$240,$118,(3/1/1/0/1),$30,$148,(2/0/1/0/1),$833,$344,(4/1/1/0/2),$477,$122,(3/1/2/1/2),$674,$177,(3/1/2/1/1),
	,week-17,$1887,$1022,(24/5/4/2/9),$27,$116,(2/0/0/0/1),$103,$168,(3/1/0/0/1),$154,$155,(3/0/0/0/1),$32,$187,(3/1/1/0/1),$565,$158,(4/1/1/0/2),$602,$130,(5/1/1/1/2),$399,$105,(4/1/1/1/1),
	,week-18,$2966,$827,(18/3/7/1/9),$483,$131,(2/0/0/0/1),$16,$117,(2/0/0/0/1),$492,$148,(3/0/1/0/1),$0,$58,(1/0/1/0/1),$500,$267,(4/1/1/0/2),$593,$103,(3/1/2/1/2),$879,$0,(3/1/2/0/1),
	,week-19,$5986,$745,(23/4/10/2/13),$80,$154,(2/0/1/0/1),$25,$79,(1/0/0/0/1),$203,$190,(3/0/1/0/1),$218,$209,(3/1/1/0/2),$1307,$111,(5/1/1/0/2),$1788,$0,(3/1/3/0/2),$2361,$0,(6/1/3/2/4),
	,week-20,$3709,$1087,(21/5/14/2/9),$268,$166,(2/0/1/0/1),$320,$138,(2/0/1/0/1),$356,$241,(2/1/2/0/1),$617,$201,(4/1/3/0/1),$318,$218,(3/1/2/0/1),$1157,$0,(5/1/2/1/2),$669,$121,(3/1/3/1/2),
	,week-21,$7118,$996,(24/6/12/2/8),$189,$105,(2/0/1/0/1),$1955,$32,(2/0/1/0/1),$1956,$94,(4/1/1/0/1),$286,$249,(4/1/2/0/1),$389,$326,(4/2/2/0/1),$1007,$88,(4/1/2/1/1),$1333,$99,(4/1/3/1/2),
	,week-22,$5899,$1022,(17/6/12/4/8),$1971,$110,(2/1/2/2/1),$952,$141,(2/0/1/0/0),$473,$191,(2/1/1/0/1),$732,$254,(3/1/2/0/1),$145,$196,(2/1/2/0/1),$1271,$103,(3/1/2/1/2),$351,$24,(3/1/2/1/2),
	,week-23,$7538,$1163,(22/4/14/2/9),$90,$147,(1/0/2/0/1),$107,$24,(1/0/1/0/0),$687,$202,(3/0/1/0/1),$847,$293,(3/1/2/0/2),$1542,$394,(5/1/3/0/1),$1365,$63,(4/1/3/1/2),$2896,$37,(5/1/2/1/2),
	,week-24,$4761,$1237,(22/4/16/4/10),$256,$154,(1/0/2/0/1),$72,$213,(2/0/2/0/1),$123,$109,(1/1/1/0/1),$162,$285,(5/0/1/1/2),$1271,$290,(4/1/3/0/2),$752,$96,(4/1/3/1/1),$2121,$87,(5/1/4/2/2),
	,week-25,$5661,$860,(21/4/13/3/9),$0,$62,(1/0/0/0/1),$0,$53,(0/0/1/0/0),$176,$166,(3/1/1/0/1),$1759,$283,(5/0/2/1/2),$1151,$215,(4/1/3/0/2),$1233,$38,(4/1/3/2/1),$1339,$41,(4/1/3/0/2),
	,week-26,$7726,$1087,(23/6/11/3/10),$60,$141,(2/0/1/0/1),$520,$59,(1/0/1/0/1),$185,$251,(3/1/2/0/1),$278,$288,(5/2/2/1/0),$3043,$280,(4/1/2/0/2),$1688,$26,(4/1/2/1/3),$1948,$40,(4/1/1/1/2),
	,week-27,$5282,$1096,(20/5/16/4/7),$68,$116,(2/0/2/2/0),$505,$201,(2/0/2/0/1),$2422,$139,(3/1/3/1/2),$292,$285,(3/1/2/0/1),$254,$219,(2/1/2/0/1),$921,$41,(4/1/3/1/1),$817,$91,(4/1/2/0/1),
	,week-28,$5033,$1186,(19/3/16/2/10),$43,$99,(1/0/1/0/1),$415,$200,(2/0/3/0/1),$936,$113,(2/1/1/0/2),$617,$155,(3/0/3/0/1),$666,$343,(4/1/3/0/2),$1022,$67,(3/0/3/1/2),$1331,$207,(4/1/2/1/1),
	,week-29,$6344,$832,(17/2/12/2/11),$447,$106,(2/0/0/0/1),$32,$91,(1/0/1/0/1),$1208,$150,(2/0/1/0/2),$532,$199,(2/0/3/0/1),$1219,$244,(3/1/2/0/2),$1419,$0,(3/0/3/1/2),$1484,$39,(4/1/2/1/2),
	,week-30,$3576,$1017,(16/1/8/0/13),$386,$137,(2/0/1/0/1),$111,$200,(2/0/1/0/2),$144,$128,(2/0/1/0/2),$0,$63,(0/0/0/0/2),$248,$282,(4/0/2/0/2),$642,$204,(3/0/2/0/2),$2043,$0,(3/1/1/0/2),
	,week-31,$4410,$1186,(18/4/9/0/8),$76,$131,(2/0/1/0/1),$261,$162,(2/0/1/0/2),$1194,$178,(3/1/1/0/1),$176,$182,(2/1/1/0/1),$1426,$340,(3/1/2/0/2),$717,$70,(3/0/2/0/1),$557,$119,(3/1/1/0/0),
	,week-32,$3575,$991,(14/2/11/2/12),$0,$164,(1/1/1/0/1),$576,$207,(2/0/1/0/2),$214,$161,(1/0/1/0/2),$990,$175,(3/0/3/0/1),$292,$257,(2/1/1/1/2),$628,$0,(3/0/2/1/2),$872,$24,(2/0/2/0/2),
	,week-33,$1047,$307,(3/0/4/0/2),$858,$179,(2/0/2/0/1),$188,$127,(1/0/2/0/1),$0,$0,(0/0/0/0/0),$0,$0,(0/0/0/0/0),$0,$0,(0/0/0/0/0),$0,$0,(0/0/0/0/0),$0,$0,(0/0/0/0/0),

15:00-16:00	,week-12,$782,$1484,(20/2/2/1/7),$155,$316,(3/0/1/1/1),$0,$89,(1/0/0/0/1),$0,$42,(1/0/0/0/0),$114,$274,(4/0/0/0/1),$201,$190,(3/0/1/0/0),$239,$335,(4/1/0/0/2),$69,$235,(4/1/0/0/2),
	,week-13,$477,$751,(12/2/2/1/2),$0,$0,(1/0/0/0/0),$0,$44,(1/0/0/0/0),$0,$60,(1/0/0/0/0),$0,$0,(0/0/0/0/0),$152,$100,(2/0/0/0/0),$229,$267,(4/1/1/0/1),$94,$277,(3/1/1/1/1),
	,week-14,$1613,$888,(17/3/1/1/2),$45,$51,(1/0/0/0/0),$0,$0,(0/0/0/0/0),$0,$0,(0/0/0/0/0),$597,$152,(4/0/0/0/0),$58,$191,(3/1/0/1/0),$517,$157,(5/1/0/0/1),$394,$335,(4/1/1/0/1),
	,week-15,$774,$770,(10/3/4/1/3),$0,$0,(0/0/0/0/0),$0,$0,(0/0/0/0/0),$0,$46,(1/0/0/0/0),$0,$0,(0/0/0/0/0),$0,$38,(0/1/0/0/0),$345,$351,(4/1/2/1/2),$428,$334,(5/1/2/0/1),
	,week-16,$620,$457,(9/0/5/0/1),$0,$0,(0/0/0/0/0),$0,$0,(0/0/0/0/0),$0,$145,(5/0/1/0/0),$0,$0,(0/0/0/0/0),$0,$0,(0/0/0/0/0),$571,$231,(3/0/2/0/1),$48,$80,(1/0/2/0/0),
	,week-17,$969,$636,(10/1/2/1/2),$0,$0,(0/0/0/0/0),$0,$0,(1/0/0/0/0),$0,$0,(0/0/0/0/0),$0,$0,(0/0/0/0/0),$0,$201,(3/0/1/0/0),$553,$217,(4/1/0/0/1),$415,$217,(2/0/1/1/1),
	,week-18,$1027,$526,(7/1/3/0/2),$0,$0,(0/0/0/0/0),$0,$0,(0/0/0/0/0),$0,$0,(0/0/0/0/0),$65,$55,(1/0/0/0/0),$0,$44,(1/0/0/0/0),$278,$161,(2/0/1/0/1),$682,$264,(3/1/2/0/1),
	,week-19,$2715,$1240,(13/3/7/2/8),$0,$0,(0/0/0/0/0),$0,$0,(0/0/0/0/0),$0,$0,(0/0/0/0/0),$0,$0,(0/0/0/0/0),$0,$289,(4/1/1/0/0),$482,$375,(3/1/3/0/2),$2233,$575,(6/1/3/2/6),
	,week-20,$1974,$753,(9/2/7/1/4),$0,$0,(0/0/0/0/0),$0,$47,(1/0/0/0/0),$0,$0,(0/0/0/0/0),$0,$58,(0/0/2/0/0),$0,$0,(0/0/1/0/0),$1082,$389,(6/1/2/1/2),$891,$257,(2/1/2/0/2),
	,week-21,$670,$1113,(15/1/6/2/1),$0,$41,(1/0/0/0/0),$0,$177,(2/0/1/0/0),$0,$175,(4/1/0/0/0),$0,$48,(0/0/1/0/0),$0,$0,(0/0/0/0/0),$416,$315,(4/0/1/1/1),$253,$355,(4/0/3/1/0),
	,week-22,$1165,$744,(7/2/5/3/3),$96,$189,(1/1/1/2/0),$0,$0,(0/0/0/0/0),$0,$0,(0/0/0/0/0),$0,$0,(0/0/0/0/0),$0,$0,(0/0/1/0/0),$239,$246,(3/0/1/1/1),$829,$307,(3/1/2/0/2),
	,week-23,$1232,$802,(8/2/5/2/4),$0,$0,(0/0/0/0/0),$66,$55,(1/0/0/0/0),$0,$0,(0/0/0/0/0),$0,$0,(0/0/0/0/0),$0,$0,(0/0/0/0/1),$297,$355,(3/1/3/1/1),$868,$391,(4/1/2/1/2),
	,week-24,$1418,$974,(8/2/8/2/0),$0,$0,(0/0/0/0/0),$0,$0,(0/0/0/0/0),$0,$0,(0/0/0/0/0),$0,$0,(0/0/0/0/0),$73,$106,(1/0/1/0/0),$659,$329,(2/1/3/1/0),$684,$538,(5/1/4/1/0),
	,week-25,$1201,$1146,(11/1/12/1/3),$0,$0,(0/0/0/0/0),$0,$0,(0/0/0/0/0),$0,$59,(0/0/1/0/0),$0,$112,(1/0/1/0/0),$94,$190,(2/0/3/0/0),$445,$433,(4/1/3/1/1),$661,$351,(4/0/4/0/2),
	,week-26,$704,$924,(8/2/6/2/4),$0,$0,(0/0/0/0/0),$0,$55,(0/0/1/0/0),$0,$0,(0/0/0/0/0),$0,$59,(0/0/1/0/0),$0,$108,(1/0/1/0/0),$421,$399,(4/1/2/1/2),$283,$301,(3/1/1/1/2),
	,week-27,$1869,$869,(9/1/8/1/1),$0,$0,(0/0/0/0/0),$0,$0,(0/0/0/0/0),$784,$293,(3/0/3/0/0),$0,$0,(0/0/0/0/0),$0,$0,(0/0/0/0/0),$698,$384,(3/1/3/1/1),$386,$191,(3/0/2/0/0),
	,week-28,$624,$583,(6/1/7/0/4),$0,$0,(0/0/0/0/0),$0,$0,(0/0/1/0/0),$0,$105,(0/1/1/0/1),$0,$44,(1/0/1/0/1),$0,$56,(0/0/1/0/0),$494,$256,(3/0/3/0/1),$129,$120,(2/0/0/0/1),
	,week-29,$1519,$887,(7/1/8/2/4),$0,$0,(0/0/0/0/0),$0,$0,(0/0/1/0/0),$0,$61,(0/0/1/0/0),$0,$46,(1/0/0/0/0),$0,$60,(0/0/1/0/0),$612,$374,(3/0/3/1/2),$907,$344,(3/1/2/1/2),
	,week-30,$1308,$379,(4/1/2/0/3),$0,$0,(0/0/0/0/0),$0,$0,(0/0/0/0/0),$0,$49,(1/0/0/0/1),$0,$0,(0/0/0/0/0),$0,$0,(0/0/0/0/0),$0,$55,(0/0/1/0/0),$1308,$275,(3/1/1/0/2),
	,week-31,$619,$371,(3/0/5/0/0),$0,$0,(0/0/0/0/0),$0,$58,(0/0/1/0/0),$0,$63,(0/0/1/0/0),$0,$0,(0/0/0/0/0),$0,$0,(0/0/0/0/0),$362,$180,(2/0/2/0/0),$256,$69,(1/0/1/0/0),
	,week-32,$1566,$606,(6/0/4/1/4),$0,$0,(0/0/0/0/0),$0,$0,(0/0/0/0/0),$0,$0,(0/0/0/0/0),$111,$102,(1/0/1/0/0),$0,$0,(0/0/0/0/0),$1008,$331,(3/0/2/1/2),$446,$172,(2/0/1/0/2),
	,week-33,$0,$0,(0/0/1/0/0),$0,$0,(0/0/0/0/0),$0,$0,(0/0/1/0/0),$0,$0,(0/0/0/0/0),$0,$0,(0/0/0/0/0),$0,$0,(0/0/0/0/0),$0,$0,(0/0/0/0/0),$0,$0,(0/0/0/0/0),

16:00-17:00	,week-12,$43,$64,(25/0/7/3/7),$0,$0,(5/0/0/1/1),$0,$0,(5/0/2/0/1),$0,$0,(3/0/1/0/2),$0,$0,(4/0/3/1/2),$43,$0,(5/0/1/1/1),$0,$0,(0/0/0/0/0),$0,$64,(3/0/0/0/0),
	,week-13,$0,$117,(13/0/0/2/7),$0,$0,(2/0/0/0/1),$0,$0,(1/0/0/0/2),$0,$0,(2/0/0/1/1),$0,$0,(4/0/0/0/1),$0,$0,(2/0/0/1/2),$0,$68,(1/0/0/0/0),$0,$49,(1/0/0/0/0),
	,week-14,$10,$172,(8/1/0/2/2),$0,$0,(0/0/0/0/0),$0,$0,(0/0/0/0/1),$0,$0,(1/0/0/0/1),$0,$0,(1/0/0/0/0),$0,$0,(3/0/0/2/0),$10,$172,(2/1/0/0/0),$0,$0,(1/0/0/0/0),
	,week-15,$527,$0,(7/2/1/2/2),$0,$0,(1/0/0/1/0),$0,$0,(1/0/0/0/1),$0,$0,(1/0/0/0/0),$0,$0,(2/0/0/0/1),$0,$0,(1/1/0/0/0),$527,$0,(0/1/0/0/0),$0,$0,(1/0/1/1/0),
	,week-16,$0,$0,(6/4/2/1/3),$0,$0,(0/0/0/0/0),$0,$0,(0/0/0/0/0),$0,$0,(1/0/0/0/0),$0,$0,(2/1/1/0/1),$0,$0,(1/2/0/1/1),$0,$0,(2/1/0/0/1),$0,$0,(0/0/1/0/0),
	,week-17,$0,$46,(8/7/1/2/5),$0,$0,(1/0/0/1/1),$0,$0,(2/1/0/0/1),$0,$0,(2/1/0/0/0),$0,$0,(1/1/0/0/1),$0,$0,(1/2/0/1/1),$0,$46,(1/2/0/0/1),$0,$0,(0/0/1/0/0),
	,week-18,$0,$59,(4/4/2/1/4),$0,$0,(1/0/1/1/0),$0,$0,(1/1/0/0/1),$0,$0,(1/1/0/0/1),$0,$0,(0/1/0/0/1),$0,$0,(1/1/0/0/1),$0,$0,(0/0/0/0/0),$0,$59,(0/0/1/0/0),
	,week-19,$264,$331,(7/4/8/3/3),$0,$0,(1/1/1/1/0),$0,$0,(0/0/0/0/0),$0,$0,(0/1/0/0/0),$0,$0,(0/1/0/0/1),$0,$0,(3/1/1/0/1),$0,$0,(0/0/1/1/0),$264,$331,(3/0/5/1/1),
	,week-20,$0,$108,(4/0/4/0/1),$0,$0,(1/0/1/0/0),$0,$0,(0/0/0/0/0),$0,$0,(0/0/0/0/0),$0,$0,(0/0/1/0/0),$0,$0,(1/0/1/0/1),$0,$108,(1/0/1/0/0),$0,$0,(1/0/0/0/0),
	,week-21,$0,$0,(12/2/1/0/3),$0,$0,(2/0/1/0/0),$0,$0,(2/0/0/0/0),$0,$0,(5/0/0/0/1),$0,$0,(1/1/0/0/2),$0,$0,(2/1/0/0/0),$0,$0,(0/0/0/0/0),$0,$0,(0/0/0/0/0),
	,week-22,$0,$0,(3/2/6/0/3),$0,$0,(1/1/1/0/0),$0,$0,(0/0/0/0/0),$0,$0,(0/0/0/0/1),$0,$0,(0/0/1/0/0),$0,$0,(2/1/2/0/2),$0,$0,(0/0/1/0/0),$0,$0,(0/0/1/0/0),
	,week-23,$0,$60,(3/2/6/3/1),$0,$0,(1/0/0/0/0),$0,$0,(0/0/1/1/0),$0,$0,(0/0/1/1/0),$0,$0,(0/0/1/0/0),$0,$0,(1/1/1/1/1),$0,$0,(0/0/1/0/0),$0,$60,(1/1/1/0/0),
	,week-24,$275,$0,(4/4/5/1/3),$0,$0,(1/1/0/0/0),$0,$0,(0/0/1/0/0),$0,$0,(1/2/1/0/1),$0,$0,(0/0/0/0/0),$0,$0,(1/1/1/0/1),$0,$0,(0/0/0/0/0),$275,$0,(1/0/2/1/1),
	,week-25,$0,$0,(7/5/8/4/3),$0,$0,(1/2/0/1/2),$0,$0,(1/1/2/1/1),$0,$0,(1/1/1/0/0),$0,$0,(2/0/1/0/0),$0,$0,(2/1/2/1/0),$0,$0,(0/0/1/1/0),$0,$0,(0/0/1/0/0),
	,week-26,$0,$0,(10/3/5/0/2),$0,$0,(2/0/0/0/1),$0,$0,(1/1/2/0/0),$0,$0,(1/0/0/0/0),$0,$0,(3/1/0/0/0),$0,$0,(1/1/1/0/0),$0,$0,(0/0/0/0/1),$0,$0,(2/0/2/0/0),
	,week-27,$0,$0,(3/6/4/1/1),$0,$0,(1/1/0/0/0),$0,$0,(0/1/1/0/1),$0,$0,(0/1/1/0/0),$0,$0,(0/1/0/0/0),$0,$0,(2/1/0/0/0),$0,$0,(0/0/1/0/0),$0,$0,(0/1/1/1/0),
	,week-28,$0,$233,(7/2/5/1/7),$0,$0,(1/0/0/0/0),$0,$54,(1/1/1/0/1),$0,$53,(1/0/0/0/2),$0,$124,(1/0/2/0/2),$0,$0,(1/1/0/0/1),$0,$0,(1/0/1/0/1),$0,$0,(1/0/1/1/0),
	,week-29,$0,$0,(3/3/1/0/1),$0,$0,(1/1/0/0/0),$0,$0,(0/0/1/0/0),$0,$0,(0/1/0/0/1),$0,$0,(1/1/0/0/0),$0,$0,(1/0/0/0/0),$0,$0,(0/0/0/0/0),$0,$0,(0/0/0/0/0),
	,week-30,$0,$0,(3/3/0/0/2),$0,$0,(0/0/0/0/0),$0,$0,(2/0/0/0/1),$0,$0,(0/1/0/0/1),$0,$0,(1/1/0/0/0),$0,$0,(0/1/0/0/0),$0,$0,(0/0/0/0/0),$0,$0,(0/0/0/0/0),
	,week-31,$0,$0,(6/3/0/0/5),$0,$0,(1/0/0/0/0),$0,$0,(2/1/0/0/1),$0,$0,(1/1/0/0/1),$0,$0,(1/0/0/0/1),$0,$0,(1/1/0/0/2),$0,$0,(0/0/0/0/0),$0,$0,(0/0/0/0/0),
	,week-32,$0,$0,(5/2/1/0/3),$0,$0,(1/1/1/0/0),$0,$0,(1/0/0/0/1),$0,$0,(1/0/0/0/1),$0,$0,(0/0/0/0/1),$0,$0,(1/1/0/0/0),$0,$0,(0/0/0/0/0),$0,$0,(1/0/0/0/0),
	,week-33,$0,$0,(3/0/1/0/0),$0,$0,(1/0/0/0/0),$0,$0,(2/0/1/0/0),$0,$0,(0/0/0/0/0),$0,$0,(0/0/0/0/0),$0,$0,(0/0/0/0/0),$0,$0,(0/0/0/0/0),$0,$0,(0/0/0/0/0),

17:00-18:00	,week-12,$302,$0,(36/6/9/5/10),$36,$0,(5/0/0/1/1),$44,$0,(6/0/2/1/1),$35,$0,(4/0/2/0/2),$47,$0,(5/2/2/1/2),$42,$0,(6/2/1/1/2),$93,$0,(6/1/2/1/1),$0,$0,(4/1/0/0/1),
	,week-13,$226,$0,(27/3/9/4/9),$0,$0,(4/0/1/1/1),$0,$0,(3/0/1/0/2),$59,$0,(4/0/1/1/1),$0,$0,(4/0/2/0/1),$118,$0,(4/1/2/1/2),$47,$0,(4/1/2/0/1),$0,$0,(4/1/0/1/1),
	,week-14,$445,$0,(22/4/8/3/9),$0,$0,(2/0/0/1/1),$0,$0,(2/1/1/0/2),$48,$0,(2/1/1/0/2),$0,$0,(4/0/1/0/1),$113,$0,(4/1/2/2/1),$282,$0,(4/1/2/0/1),$0,$0,(4/0/1/0/1),
	,week-15,$160,$0,(18/4/13/4/7),$0,$0,(1/0/1/1/1),$34,$0,(2/1/2/0/1),$0,$0,(1/0/1/1/1),$0,$0,(3/0/2/0/1),$71,$0,(3/1/2/1/1),$53,$0,(4/1/2/1/1),$0,$0,(4/1/3/0/1),
	,week-16,$104,$4,(16/12/15/5/9),$58,$0,(1/0/2/1/1),$0,$0,(2/2/0/0/1),$34,$0,(3/2/1/0/1),$0,$0,(3/2/2/0/2),$0,$0,(3/2/3/1/2),$0,$4,(2/2/4/2/1),$10,$0,(2/2/3/1/1),
	,week-17,$57,$89,(23/11/11/6/11),$0,$0,(2/1/1/1/1),$37,$77,(4/2/0/0/2),$0,$0,(2/1/1/1/1),$0,$11,(6/1/1/0/2),$19,$0,(3/2/2/1/2),$0,$0,(3/2/3/2/2),$0,$0,(3/2/3/1/1),
	,week-18,$24,$0,(26/7/11/6/11),$0,$0,(3/1/1/1/1),$0,$0,(2/1/1/1/2),$0,$0,(2/1/1/1/2),$24,$0,(4/1/1/0/1),$0,$0,(5/1/2/1/2),$0,$0,(6/1/3/1/2),$0,$0,(4/1/2/1/1),
	,week-19,$71,$0,(24/7/14/4/9),$0,$0,(2/1/1/1/1),$53,$0,(2/1/1/0/1),$0,$0,(3/1/2/0/2),$0,$0,(1/1/2/0/1),$17,$0,(5/1/2/0/1),$0,$0,(4/1/2/2/1),$0,$0,(7/1/4/1/2),
	,week-20,$27,$58,(20/7/12/0/9),$15,$0,(2/1/1/0/1),$0,$0,(3/1/0/0/1),$0,$0,(2/1/2/0/1),$11,$0,(1/1/2/0/1),$0,$57,(2/1/3/0/2),$0,$1,(6/1/2/0/1),$0,$0,(4/1/2/0/2),
	,week-21,$70,$0,(22/7/16/3/7),$16,$0,(3/1/1/0/0),$0,$0,(3/1/1/0/1),$17,$0,(5/1/1/0/1),$35,$0,(4/1/1/0/2),$0,$0,(2/1/6/1/1),$0,$0,(3/1/4/1/1),$0,$0,(2/1/2/1/1),
	,week-22,$136,$39,(22/7/18/3/8),$0,$0,(3/1/3/0/0),$0,$3,(5/1/2/0/0),$0,$0,(2/1/2/0/1),$97,$0,(3/1/3/0/1),$38,$0,(3/1/4/1/2),$0,$0,(4/1/2/1/2),$0,$35,(2/1/2/1/2),
	,week-23,$131,$6,(17/7/17/7/8),$0,$0,(2/1/2/0/1),$0,$0,(2/1/3/1/1),$118,$0,(3/1/2/1/1),$0,$0,(3/1/1/1/1),$0,$0,(3/1/3/1/2),$0,$0,(3/1/3/1/1),$12,$5,(1/1/3/2/1),
	,week-24,$35,$8,(18/6/20/7/10),$35,$0,(3/1/2/1/1),$0,$0,(1/0/3/1/1),$0,$8,(2/2/2/1/1),$0,$0,(3/1/2/0/1),$0,$0,(2/1/4/2/1),$0,$0,(2/1/3/1/2),$0,$0,(5/0/4/1/3),
	,week-25,$42,$0,(21/9/21/8/12),$0,$0,(2/2/2/1/3),$0,$0,(4/2/4/2/2),$0,$0,(3/1/2/1/1),$0,$0,(4/1/2/0/1),$20,$0,(3/1/4/2/2),$0,$0,(3/1/4/1/1),$21,$0,(2/1/3/1/2),
	,week-26,$60,$0,(24/9/11/8/11),$0,$0,(3/1/1/1/1),$0,$0,(2/2/2/1/1),$7,$0,(2/2/1/1/1),$0,$0,(5/1/1/0/1),$0,$0,(4/1/2/2/2),$0,$0,(3/1/1/1/3),$52,$0,(5/1/3/2/2),
	,week-27,$73,$9,(24/9/16/6/7),$0,$3,(3/2/1/1/1),$0,$0,(2/1/2/1/1),$0,$4,(5/2/2/1/1),$0,$0,(4/1/1/0/1),$0,$0,(4/1/4/1/1),$73,$0,(3/1/3/1/0),$0,$0,(3/1/3/1/2),
	,week-28,$106,$82,(19/7/15/8/9),$0,$0,(1/1/1/1/1),$21,$0,(1/1/2/1/1),$0,$0,(4/1/1/1/1),$40,$0,(4/1/3/1/1),$0,$0,(3/1/2/2/2),$0,$74,(3/1/3/0/2),$43,$8,(3/1/3/2/1),
	,week-29,$125,$11,(14/6/13/7/8),$0,$11,(1/1/1/1/1),$0,$0,(3/0/2/0/1),$0,$0,(1/1/1/1/1),$86,$0,(2/1/2/1/0),$0,$0,(3/1/2/1/2),$38,$0,(2/1/3/1/2),$0,$0,(2/1/2/2/1),
	,week-30,$134,$72,(13/5/7/7/13),$8,$0,(2/0/1/1/1),$0,$0,(2/0/1/1/2),$0,$72,(1/1/1/1/3),$26,$0,(2/1/2/1/1),$98,$0,(3/1/1/1/2),$0,$0,(2/0/1/1/2),$0,$0,(1/2/0/1/2),
	,week-31,$0,$26,(16/7/12/4/7),$0,$0,(2/0/1/0/1),$0,$0,(2/1/1/1/1),$0,$0,(1/1/1/1/1),$0,$13,(3/1/3/1/2),$0,$12,(3/2/2/0/2),$0,$0,(3/1/2/1/0),$0,$0,(2/1/2/0/0),
	,week-32,$128,$0,(13/6/8/7/10),$0,$0,(1/1/1/1/1),$0,$0,(1/1/0/1/2),$51,$0,(1/1/1/1/1),$21,$0,(2/0/1/1/2),$54,$0,(3/1/2/2/1),$0,$0,(3/1/1/0/2),$0,$0,(2/1/2/1/1),
	,week-33,$0,$67,(4/0/3/1/1),$0,$0,(2/0/1/1/1),$0,$67,(2/0/2/0/0),$0,$0,(0/0/0/0/0),$0,$0,(0/0/0/0/0),$0,$0,(0/0/0/0/0),$0,$0,(0/0/0/0/0),$0,$0,(0/0/0/0/0),

18:00-19:00	,week-12,$1372,$0,(40/6/11/5/11),$302,$0,(5/0/1/1/1),$310,$0,(6/0/2/1/1),$65,$0,(6/0/2/0/2),$228,$0,(6/2/2/1/2),$266,$0,(7/2/2/1/2),$90,$0,(6/1/2/1/2),$107,$0,(4/1/0/0/1),
	,week-13,$752,$0,(34/3/9/4/11),$91,$0,(5/0/1/1/1),$160,$0,(5/0/1/0/2),$94,$0,(6/0/1/1/1),$98,$0,(5/0/2/0/2),$196,$0,(4/1/2/1/2),$27,$0,(5/1/2/0/2),$81,$0,(4/1/0/1/1),
	,week-14,$425,$0,(27/5/10/3/9),$0,$0,(2/0/0/1/1),$98,$0,(4/1/2/0/2),$28,$0,(2/1/1/0/2),$0,$0,(4/1/1/0/1),$74,$0,(5/1/2/2/1),$128,$0,(5/1/3/0/1),$93,$0,(5/0/1/0/1),
	,week-15,$343,$0,(29/6/13/4/11),$56,$0,(3/0/1/1/1),$0,$0,(3/1/2/0/2),$0,$0,(3/1/1/1/1),$65,$0,(4/1/2/0/2),$39,$0,(5/1/2/1/2),$60,$0,(6/1/2/1/2),$119,$0,(5/1/3/0/1),
	,week-16,$435,$7,(24/12/16/4/11),$35,$7,(1/0/2/1/1),$0,$0,(2/2/2/0/1),$35,$0,(4/2/1/0/2),$128,$0,(3/2/2/0/2),$107,$0,(5/2/3/1/2),$87,$0,(5/2/3/1/2),$38,$0,(4/2/3/1/1),
	,week-17,$1315,$0,(33/11/12/6/11),$32,$0,(3/1/1/1/1),$85,$0,(3/2/0/0/2),$0,$0,(3/1/1/1/1),$234,$0,(7/1/1/0/2),$514,$0,(5/2/3/1/2),$240,$0,(7/2/3/2/2),$205,$0,(5/2/3/1/1),
	,week-18,$1055,$0,(36/7/13/7/12),$0,$0,(3/1/1/1/1),$0,$0,(3/1/1/1/2),$49,$0,(5/1/1/1/2),$83,$0,(4/1/1/0/2),$376,$0,(8/1/4/1/2),$219,$0,(8/1/3/2/2),$324,$0,(5/1/2/1/1),
	,week-19,$970,$19,(34/7/16/6/12),$0,$0,(2/1/1/1/1),$57,$0,(3/1/1/0/2),$119,$0,(4/1/2/0/2),$86,$0,(4/1/2/0/1),$124,$2,(8/1/4/1/2),$255,$0,(6/1/2/2/2),$324,$16,(7/1/4/2/2),
	,week-20,$836,$1,(32/7/13/1/11),$55,$0,(2/1/1/0/1),$144,$0,(4/1/0/0/1),$0,$0,(4/1/2/0/1),$52,$0,(4/1/2/0/2),$211,$1,(6/1/4/1/2),$166,$0,(7/1/2/0/2),$203,$0,(5/1/2/0/2),
	,week-21,$452,$18,(30/7/15/3/12),$77,$18,(3/1/1/0/1),$0,$0,(3/1/1/0/1),$208,$0,(5/1/1/0/1),$23,$0,(4/1/1/0/2),$87,$0,(6/1/5/1/3),$0,$0,(6/1/4/1/3),$53,$0,(3/1/2/1/1),
	,week-22,$252,$0,(31/7/18/3/10),$118,$0,(3/1/3/0/1),$25,$0,(4/1/2/0/0),$0,$0,(4/1/2/0/2),$-124,$0,(4/1/3/0/1),$114,$0,(6/1/4/1/2),$92,$0,(5/1/3/1/2),$24,$0,(5/1/1/1/2),
	,week-23,$1237,$37,(29/7/20/6/13),$62,$0,(2/1/2/0/1),$154,$0,(3/1/2/1/1),$131,$0,(4/1/2/1/1),$72,$0,(4/1/3/1/1),$361,$37,(5/1/4/1/4),$281,$0,(6/1/4/1/3),$170,$0,(5/1/3/1/2),
	,week-24,$825,$11,(27/6/21/7/13),$120,$11,(3/1/2/1/1),$58,$0,(3/1/3/1/1),$49,$0,(2/1/2/1/1),$126,$0,(5/1/3/0/1),$62,$0,(3/1/4/2/3),$194,$0,(5/1/3/1/3),$210,$0,(6/0/4/1/3),
	,week-25,$434,$0,(31/9/22/8/15),$0,$0,(2/2/2/1/3),$0,$0,(4/2/4/2/2),$39,$0,(4/1/2/1/1),$0,$0,(5/1/3/0/1),$138,$0,(6/1/4/2/3),$39,$0,(6/1/4/1/3),$215,$0,(4/1/3/1/2),
	,week-26,$840,$23,(31/9/15/8/14),$75,$0,(3/1/1/1/1),$337,$0,(3/2/3/1/1),$0,$0,(4/2/2/1/1),$127,$0,(5/1/2/0/2),$79,$15,(5/1/2/2/4),$152,$8,(6/1/2/1/3),$65,$0,(5/1/3/2/2),
	,week-27,$675,$33,(31/8/15/6/10),$93,$0,(2/1/1/1/1),$32,$9,(3/1/2/1/1),$59,$23,(4/2/2/1/2),$116,$0,(4/1/1/0/1),$196,$0,(7/1/3/1/2),$88,$0,(6/1/3/1/2),$85,$0,(5/1/3/1/1),
	,week-28,$612,$1,(26/7/17/8/10),$61,$0,(1/1/1/1/1),$297,$0,(2/1/2/1/1),$65,$0,(4/1/2/1/1),$67,$0,(4/1/3/1/1),$118,$1,(6/1/2/2/3),$0,$0,(5/1/4/0/2),$0,$0,(4/1/3/2/1),
	,week-29,$718,$73,(29/5/17/9/13),$0,$7,(2/0/1/1/1),$132,$66,(3/0/3/0/2),$105,$0,(3/1/1/1/2),$58,$0,(4/1/2/1/1),$0,$0,(6/1/3/2/3),$133,$0,(6/1/4/2/2),$286,$0,(5/1/3/2/2),
	,week-30,$742,$0,(25/6/10/7/13),$73,$0,(2/1/1/1/1),$91,$0,(3/0/1/1/2),$0,$0,(2/1/1/1/2),$341,$0,(3/1/2/1/1),$100,$0,(6/1/1/1/3),$133,$0,(6/0/3/1/2),$0,$0,(3/2/1/1/2),
	,week-31,$509,$0,(25/7/12/4/7),$19,$0,(2/1/1/0/1),$0,$0,(3/1/1/1/1),$134,$0,(2/1/1/1/1),$0,$0,(4/1/2/1/2),$85,$0,(6/1/2/0/2),$0,$0,(5/1/3/1/0),$268,$0,(3/1/2/0/0),
	,week-32,$630,$10,(23/7/15/8/14),$0,$0,(2/1/1/1/1),$103,$0,(2/1/1/1/2),$231,$0,(3/1/2/1/1),$0,$0,(3/1/1/2/3),$0,$0,(4/1/4/2/2),$246,$10,(6/1/3/0/3),$47,$0,(3/1/3/1/2),
	,week-33,$92,$21,(3/1/2/1/1),$92,$21,(3/1/2/1/1),$0,$0,(0/0/0/0/0),$0,$0,(0/0/0/0/0),$0,$0,(0/0/0/0/0),$0,$0,(0/0/0/0/0),$0,$0,(0/0/0/0/0),$0,$0,(0/0/0/0/0),

19:00-20:00	,week-12,$2981,$0,(41/6/11/6/11),$505,$0,(5/0/1/1/1),$299,$0,(6/0/2/1/1),$573,$0,(6/0/2/1/2),$387,$0,(6/2/2/1/2),$291,$0,(8/2/2/1/2),$590,$0,(6/1/2/1/2),$333,$0,(4/1/0/0/1),
	,week-13,$2314,$0,(37/3/9/4/11),$0,$0,(5/0/1/1/1),$282,$0,(5/0/1/0/2),$349,$0,(6/0/1/1/1),$111,$0,(5/0/2/0/2),$898,$0,(5/1/2/1/2),$328,$0,(6/1/2/0/2),$343,$0,(5/1/0/1/1),
	,week-14,$2255,$0,(33/5/12/3/9),$93,$0,(3/0/0/1/1),$222,$0,(4/1/2/0/2),$419,$0,(4/1/1/0/2),$325,$0,(5/1/1/0/1),$336,$0,(5/1/3/2/1),$640,$0,(6/1/4/0/1),$215,$0,(6/0/1/0/1),
	,week-15,$2823,$0,(30/6/13/4/11),$224,$0,(3/0/1/1/1),$347,$0,(3/1/2/0/2),$188,$0,(3/1/1/1/1),$630,$0,(5/1/2/0/2),$561,$0,(5/1/2/1/2),$494,$0,(6/1/2/1/2),$375,$0,(5/1/3/0/1),
	,week-16,$2240,$238,(24/12/15/5/11),$239,$0,(1/0/1/1/1),$200,$0,(2/2/2/0/1),$162,$0,(4/2/1/0/2),$326,$238,(3/2/2/0/2),$353,$0,(5/2/3/2/2),$716,$0,(5/2/3/1/2),$240,$0,(4/2/3/1/1),
	,week-17,$2378,$64,(33/11/13/6/11),$76,$0,(3/1/1/1/1),$191,$39,(3/2/0/0/2),$36,$0,(3/1/1/1/1),$233,$0,(7/1/1/0/2),$318,$0,(5/2/3/1/2),$992,$24,(7/2/4/2/2),$527,$0,(5/2/3/1/1),
	,week-18,$1909,$43,(36/7/13/7/12),$40,$27,(3/1/1/1/1),$236,$0,(3/1/1/1/2),$0,$0,(5/1/1/1/2),$565,$16,(4/1/1/0/2),$257,$0,(8/1/4/1/2),$435,$0,(8/1/3/2/2),$372,$0,(5/1/2/1/1),
	,week-19,$3615,$20,(34/7/14/6/12),$306,$0,(2/1/1/1/1),$102,$0,(3/1/1/0/2),$149,$0,(4/1/2/0/2),$399,$0,(3/1/2/0/1),$426,$0,(8/1/3/1/2),$500,$20,(7/1/2/2/2),$1728,$0,(7/1/3/2/2),
	,week-20,$3049,$24,(34/7/12/2/11),$63,$0,(2/1/1/0/1),$337,$0,(4/1/0/0/1),$307,$0,(4/1/2/0/1),$397,$0,(4/1/2/0/2),$609,$10,(7/1/3/1/2),$741,$14,(8/1/2/1/2),$591,$0,(5/1/2/0/2),
	,week-21,$2777,$16,(32/7/14/3/13),$182,$0,(3/1/0/0/1),$5,$0,(3/1/1/0/1),$603,$0,(5/1/1/0/1),$114,$0,(4/1/1/0/2),$794,$0,(6/1/5/1/3),$699,$16,(7/1/4/1/3),$376,$0,(4/1/2/1/2),
	,week-22,$2383,$71,(32/7/18/3/11),$346,$0,(3/1/3/0/1),$197,$34,(4/1/2/0/0),$133,$0,(4/1/2/0/2),$577,$0,(4/1/3/0/1),$501,$36,(7/1/4/1/3),$341,$0,(5/1/3/1/2),$283,$0,(5/1/1/1/2),
	,week-23,$2595,$0,(30/7/20/6/11),$204,$0,(2/1/2/0/1),$204,$0,(3/1/2/1/1),$328,$0,(4/1/2/1/1),$478,$0,(4/1/3/1/1),$676,$0,(6/1/4/1/2),$307,$0,(6/1/4/1/3),$394,$0,(5/1/3/1/2),
	,week-24,$3653,$50,(29/6/21/8/13),$264,$0,(2/1/2/1/1),$426,$28,(3/1/3/1/1),$493,$0,(2/1/2/1/1),$268,$21,(5/1/3/1/1),$538,$0,(6/1/4/2/3),$507,$0,(5/1/3/1/3),$1153,$0,(6/0/4/1/3),
	,week-25,$2400,$31,(32/9/22/8/15),$0,$0,(3/2/2/1/3),$0,$0,(4/2/4/2/2),$347,$0,(4/1/2/1/1),$465,$0,(5/1/3/0/1),$524,$0,(6/1/4/2/3),$196,$0,(6/1/4/1/3),$865,$31,(4/1/3/1/2),
	,week-26,$3264,$0,(32/9/16/8/12),$104,$0,(3/1/1/1/1),$402,$0,(3/2/3/1/1),$310,$0,(4/2/2/1/1),$375,$0,(5/1/2/0/2),$297,$0,(6/1/3/2/3),$765,$0,(6/1/2/1/2),$1007,$0,(5/1/3/2/2),
	,week-27,$2229,$12,(29/7/15/6/9),$77,$0,(2/1/1/1/1),$68,$12,(2/1/2/1/1),$423,$0,(4/1/2/1/2),$187,$0,(4/1/1/0/1),$522,$0,(6/1/3/1/2),$460,$0,(6/1/3/1/1),$487,$0,(5/1/3/1/1),
	,week-28,$2889,$58,(26/7/18/8/10),$232,$0,(1/1/1/1/1),$446,$0,(2/1/2/1/1),$471,$0,(4/1/2/1/1),$269,$28,(4/1/3/1/1),$409,$0,(5/1/2/2/3),$514,$0,(6/1/4/0/2),$544,$29,(4/1/4/2/1),
	,week-29,$2133,$5,(29/6/15/9/13),$57,$0,(2/1/0/1/1),$119,$0,(3/0/2/0/2),$233,$0,(3/1/1/1/2),$499,$0,(4/1/2/1/1),$358,$0,(6/1/3/2/3),$537,$0,(6/1/4/2/2),$325,$5,(5/1/3/2/2),
	,week-30,$1791,$21,(25/8/10/7/13),$202,$0,(2/1/1/1/1),$175,$0,(3/0/1/1/2),$176,$0,(2/1/1/1/2),$667,$0,(3/1/2/1/1),$215,$0,(6/1/1/1/3),$352,$21,(6/2/3/1/2),$0,$0,(3/2/1/1/2),
	,week-31,$2089,$21,(25/7/13/4/7),$102,$0,(2/1/1/0/1),$663,$0,(3/1/1/1/1),$108,$0,(2/1/1/1/1),$135,$21,(4/1/2/1/2),$299,$0,(6/1/2/0/2),$408,$0,(5/1/3/1/0),$369,$0,(3/1/3/0/0),
	,week-32,$3188,$33,(24/7/16/8/13),$210,$0,(2/1/1/1/1),$97,$0,(2/1/1/1/2),$253,$0,(3/1/2/1/1),$400,$33,(3/1/2/2/3),$477,$0,(5/1/4/2/2),$573,$0,(6/1/3/0/2),$1174,$0,(3/1/3/1/2),
	,week-33,$29,$0,(3/0/2/0/1),$29,$0,(3/0/2/0/1),$0,$0,(0/0/0/0/0),$0,$0,(0/0/0/0/0),$0,$0,(0/0/0/0/0),$0,$0,(0/0/0/0/0),$0,$0,(0/0/0/0/0),$0,$0,(0/0/0/0/0),

20:00-21:00	,week-12,$7345,$76,(41/6/11/6/11),$1110,$0,(5/0/1/1/1),$1016,$41,(6/0/2/1/1),$786,$0,(6/0/2/1/2),$941,$0,(6/2/2/1/2),$1571,$0,(8/2/2/1/2),$929,$35,(6/1/2/1/2),$990,$0,(4/1/0/0/1),
	,week-13,$4262,$44,(37/3/9/4/12),$216,$0,(5/0/1/1/1),$521,$0,(5/0/1/0/2),$550,$0,(6/0/1/1/1),$267,$44,(5/0/2/0/3),$921,$0,(5/1/2/1/2),$1060,$0,(6/1/2/0/2),$725,$0,(5/1/0/1/1),
	,week-14,$5407,$49,(33/5/12/3/9),$1068,$0,(3/0/0/1/1),$518,$49,(4/1/2/0/2),$433,$0,(4/1/1/0/2),$485,$0,(5/1/1/0/1),$1305,$0,(5/1/3/2/1),$948,$0,(6/1/4/0/1),$647,$0,(6/0/1/0/1),
	,week-15,$5184,$184,(30/6/13/4/11),$653,$0,(3/0/1/1/1),$30,$184,(3/1/2/0/2),$793,$0,(3/1/1/1/1),$642,$0,(5/1/2/0/2),$1471,$0,(5/1/2/1/2),$1264,$0,(6/1/2/1/2),$327,$0,(5/1/3/0/1),
	,week-16,$4771,$126,(22/11/13/5/10),$278,$0,(1/1/1/1/1),$435,$0,(2/2/2/0/1),$468,$0,(4/2/1/0/2),$13,$82,(1/0/0/0/1),$725,$0,(5/2/3/2/2),$1429,$0,(5/2/3/1/2),$1419,$44,(4/2/3/1/1),
	,week-17,$5682,$45,(33/10/13/5/10),$948,$0,(3/1/1/1/1),$400,$45,(3/1/0/0/1),$765,$0,(3/1/1/1/1),$603,$0,(7/1/1/0/2),$566,$0,(5/2/3/1/2),$971,$0,(7/2/4/1/2),$1426,$0,(5/2/3/1/1),
	,week-18,$5644,$161,(35/7/13/7/11),$600,$0,(2/1/1/1/1),$383,$73,(3/1/1/1/2),$473,$0,(5/1/1/1/2),$560,$88,(4/1/1/0/1),$1031,$0,(8/1/4/1/2),$1144,$0,(8/1/3/2/2),$1450,$0,(5/1/2/1/1),
	,week-19,$7111,$52,(33/7/14/6/12),$546,$52,(2/1/1/1/1),$824,$0,(3/1/1/0/2),$618,$0,(4/1/2/0/2),$436,$0,(3/1/2/0/1),$1101,$0,(8/1/3/1/2),$1425,$0,(6/1/2/2/2),$2158,$0,(7/1/3/2/2),
	,week-20,$6567,$26,(32/7/12/2/11),$690,$0,(2/1/1/0/1),$662,$26,(4/1/0/0/1),$704,$0,(4/1/2/0/1),$644,$0,(4/1/2/0/2),$1089,$0,(6/1/3/1/2),$1438,$0,(7/1/2/1/2),$1337,$0,(5/1/2/0/2),
	,week-21,$9491,$0,(31/7/15/3/13),$1234,$0,(3/1/0/0/1),$1451,$0,(3/1/1/0/1),$1187,$0,(5/1/1/0/1),$1215,$0,(4/1/2/0/2),$1262,$0,(6/1/5/1/3),$1966,$0,(6/1/4/1/3),$1174,$0,(4/1/2/1/2),
	,week-22,$6790,$60,(32/7/17/3/10),$632,$33,(3/1/3/0/1),$689,$0,(4/1/1/0/0),$598,$27,(4/1/2/0/2),$1051,$0,(4/1/3/0/1),$1231,$0,(7/1/4/1/2),$1735,$0,(5/1/3/1/2),$852,$0,(5/1/1/1/2),
	,week-23,$7228,$98,(30/7/20/6/11),$525,$0,(2/1/2/0/1),$572,$0,(3/1/2/1/1),$1080,$0,(4/1/2/1/1),$2052,$0,(4/1/3/1/1),$953,$0,(6/1/4/1/2),$876,$44,(6/1/4/1/3),$1168,$53,(5/1/3/1/2),
	,week-24,$8176,$22,(29/6/19/8/14),$676,$0,(2/1/2/1/1),$633,$0,(3/1/2/1/2),$721,$0,(2/1/2/1/1),$1091,$22,(5/1/2/1/1),$1161,$0,(6/1/4/2/3),$1766,$0,(5/1/3/1/3),$2126,$0,(6/0/4/1/3),
	,week-25,$7452,$0,(31/9/22/8/14),$0,$0,(3/2/2/1/3),$49,$0,(4/2/4/2/2),$1543,$0,(4/1/2/1/1),$1355,$0,(5/1/3/0/1),$1399,$0,(6/1/4/2/3),$2146,$0,(6/1/4/1/3),$958,$0,(3/1/3/1/1),
	,week-26,$7523,$138,(32/9/17/8/12),$633,$41,(3/1/1/1/1),$1441,$42,(3/2/3/1/1),$1191,$0,(4/2/2/1/1),$782,$21,(5/1/2/0/2),$1497,$0,(6/1/3/2/3),$1145,$0,(6/1/3/1/2),$831,$32,(5/1/3/2/2),
	,week-27,$6812,$94,(29/7/14/6/9),$622,$0,(2/1/1/1/1),$82,$94,(2/1/1/1/1),$1036,$0,(4/1/2/1/2),$789,$0,(4/1/1/0/1),$1817,$0,(6/1/3/1/2),$1636,$0,(6/1/3/1/1),$827,$0,(5/1/3/1/1),
	,week-28,$5967,$103,(26/7/20/7/10),$932,$22,(2/1/2/1/1),$599,$0,(2/1/2/1/1),$866,$80,(4/1/3/1/1),$253,$0,(3/1/3/1/1),$947,$0,(5/1/2/2/3),$1199,$0,(6/1/4/0/2),$1168,$0,(4/1/4/1/1),
	,week-29,$8700,$85,(28/6/15/9/13),$878,$0,(2/1/0/1/1),$1168,$0,(3/0/2/0/2),$715,$0,(3/1/1/1/2),$1152,$0,(4/1/2/1/1),$1298,$46,(6/1/3/2/3),$2249,$38,(6/1/4/2/2),$1237,$0,(4/1/3/2/2),
	,week-30,$7679,$31,(25/8/10/7/12),$734,$0,(2/1/1/1/1),$759,$0,(3/0/1/1/2),$757,$0,(2/1/1/1/2),$2090,$0,(3/1/2/1/1),$1689,$0,(6/1/1/1/3),$1647,$31,(6/2/3/1/1),$0,$0,(3/2/1/1/2),
	,week-31,$5659,$32,(24/7/13/4/7),$118,$0,(2/1/1/0/1),$352,$0,(3/1/1/1/1),$1155,$0,(2/1/1/1/1),$584,$32,(3/1/2/1/2),$1311,$0,(6/1/2/0/2),$1229,$0,(5/1/3/1/0),$906,$0,(3/1/3/0/0),
	,week-32,$6404,$121,(25/7/16/8/12),$483,$0,(2/1/1/1/1),$465,$0,(2/1/1/1/2),$1790,$51,(3/1/2/1/1),$189,$0,(3/1/2/2/2),$1667,$0,(5/1/4/2/2),$823,$0,(6/1/3/0/2),$983,$70,(4/1/3/1/2),
	,week-33,$469,$0,(3/0/2/0/1),$469,$0,(3/0/2/0/1),$0,$0,(0/0/0/0/0),$0,$0,(0/0/0/0/0),$0,$0,(0/0/0/0/0),$0,$0,(0/0/0/0/0),$0,$0,(0/0/0/0/0),$0,$0,(0/0/0/0/0),

21:00-22:00	,week-12,$8324,$506,(42/6/11/4/11),$962,$0,(5/0/1/1/1),$1312,$71,(6/0/2/0/1),$900,$71,(7/0/2/1/2),$1301,$298,(6/2/2/1/2),$1294,$0,(8/2/2/1/2),$1513,$0,(6/1/2/0/2),$1038,$63,(4/1/0/0/1),
	,week-13,$8027,$599,(37/3/9/4/11),$912,$110,(5/0/1/1/1),$1196,$125,(5/0/1/0/2),$1586,$124,(6/0/1/1/1),$1122,$180,(5/0/2/0/2),$1190,$0,(5/1/2/1/2),$733,$0,(6/1/2/0/2),$1285,$58,(5/1/0/1/1),
	,week-14,$8499,$557,(32/5/12/3/9),$676,$47,(3/0/0/1/1),$560,$213,(3/1/2/0/2),$863,$0,(4/1/1/0/2),$788,$66,(5/1/1/0/1),$1740,$170,(5/1/3/2/1),$2336,$59,(6/1/4/0/1),$1533,$0,(6/0/1/0/1),
	,week-15,$7216,$277,(29/5/11/4/10),$326,$55,(3/0/1/1/1),$364,$0,(2/0/0/0/1),$743,$60,(3/1/1/1/1),$1242,$48,(5/1/2/0/2),$1514,$0,(5/1/2/1/2),$1571,$0,(6/1/2/1/2),$1453,$113,(5/1/3/0/1),
	,week-16,$5450,$504,(21/12/13/4/9),$228,$0,(1/1/1/1/1),$899,$0,(2/2/2/0/1),$591,$269,(4/2/1/0/2),$0,$0,(0/0/0/0/0),$1257,$0,(5/2/3/2/2),$1610,$134,(5/2/3/1/2),$862,$100,(4/3/3/0/1),
	,week-17,$7404,$844,(32/10/13/5/10),$393,$100,(3/1/1/1/1),$391,$0,(2/1/0/0/1),$591,$51,(3/1/1/1/1),$1161,$399,(7/1/1/0/2),$2259,$68,(5/2/3/1/2),$1604,$124,(7/2/4/1/2),$1002,$99,(5/2/3/1/1),
	,week-18,$7574,$783,(33/7/13/6/10),$528,$134,(2/1/1/1/1),$657,$169,(3/1/1/0/1),$1875,$216,(5/1/1/1/2),$568,$51,(2/1/1/0/1),$1162,$114,(8/1/4/1/2),$1815,$97,(8/1/3/2/2),$966,$0,(5/1/2/1/1),
	,week-19,$9683,$715,(33/7/14/5/16),$507,$0,(2/1/1/0/1),$1032,$83,(3/1/1/0/2),$1624,$154,(4/1/2/0/2),$739,$53,(3/1/2/0/5),$1993,$0,(8/1/3/1/2),$2145,$0,(6/1/2/2/2),$1640,$423,(7/1/3/2/2),
	,week-20,$10660,$640,(31/8/12/2/11),$1622,$0,(2/1/1/0/1),$232,$121,(3/1/0/0/1),$1868,$56,(4/1/2/0/1),$1447,$93,(4/1/2/0/2),$1925,$0,(6/1/3/1/2),$2382,$61,(7/2/2/1/2),$1179,$307,(5/1/2/0/2),
	,week-21,$10374,$357,(31/7/15/3/13),$569,$64,(3/1/0/0/1),$917,$0,(3/1/1/0/1),$1839,$0,(5/1/1/0/1),$977,$44,(4/1/2/0/2),$2185,$112,(6/1/5/1/3),$1571,$72,(6/1/4/1/3),$2314,$63,(4/1/2/1/2),
	,week-22,$8533,$963,(31/7/17/3/9),$306,$119,(2/1/3/0/1),$1031,$114,(4/1/1/0/0),$709,$258,(4/1/2/0/1),$1290,$63,(4/1/3/0/1),$2406,$93,(7/1/4/1/2),$1418,$0,(5/1/3/1/2),$1370,$313,(5/1/1/1/2),
	,week-23,$9087,$1005,(28/7/20/6/10),$554,$111,(2/1/2/0/1),$1633,$244,(3/1/2/1/1),$1107,$165,(4/1/2/1/1),$1379,$65,(4/1/3/1/1),$2342,$70,(6/1/4/1/2),$1188,$102,(5/1/4/1/2),$881,$245,(4/1/3/1/2),
	,week-24,$9713,$675,(28/6/19/8/14),$456,$57,(2/1/2/1/1),$1719,$58,(3/1/2/1/2),$838,$213,(2/1/2/1/1),$1494,$0,(4/1/2/1/1),$2348,$95,(6/1/4/2/3),$1127,$0,(5/1/3/1/3),$1727,$250,(6/0/4/1/3),
	,week-25,$8997,$596,(31/9/22/8/14),$0,$95,(3/2/2/1/3),$221,$128,(4/2/4/2/2),$2102,$106,(4/1/2/1/1),$1708,$0,(5/1/3/0/1),$1947,$61,(6/1/4/2/3),$1283,$42,(6/1/4/1/3),$1733,$161,(3/1/3/1/1),
	,week-26,$12058,$1188,(31/10/18/7/10),$1539,$57,(2/1/1/1/1),$760,$29,(3/2/3/0/1),$1633,$153,(4/3/2/1/1),$1037,$182,(5/1/2/0/1),$2738,$0,(6/1/3/2/3),$2578,$89,(6/1/3/1/2),$1770,$676,(5/1/4/2/1),
	,week-27,$11072,$1099,(30/6/14/5/9),$684,$265,(2/1/1/1/1),$1100,$77,(2/0/1/0/1),$1282,$216,(4/1/2/1/2),$1644,$242,(4/1/1/0/1),$1926,$0,(6/1/3/1/2),$2417,$38,(6/1/3/1/1),$2016,$259,(6/1/3/1/1),
	,week-28,$11295,$749,(25/7/17/7/10),$966,$61,(2/1/0/1/1),$1484,$59,(2/1/2/1/1),$995,$334,(3/1/2/1/1),$1193,$176,(3/1/3/1/1),$1931,$59,(5/1/2/2/3),$2211,$0,(6/1/4/0/2),$2513,$58,(4/1/4/1/1),
	,week-29,$9723,$1019,(28/6/15/7/13),$742,$57,(2/1/0/1/1),$1127,$277,(3/0/2/0/2),$1008,$55,(3/1/1/1/2),$1351,$98,(4/1/2/1/1),$2713,$0,(6/1/3/1/3),$1475,$0,(6/1/4/1/2),$1304,$531,(4/1/3/2/2),
	,week-30,$7731,$636,(24/8/10/7/12),$1288,$0,(2/1/1/1/1),$984,$398,(3/0/1/1/2),$1177,$124,(2/1/1/1/2),$1177,$114,(3/1/2/1/1),$1545,$0,(6/1/1/1/3),$1558,$0,(5/2/3/1/1),$0,$0,(3/2/1/1/2),
	,week-31,$10258,$636,(23/7/13/4/7),$770,$51,(2/1/1/0/1),$612,$174,(3/1/1/1/1),$899,$58,(2/1/1/1/1),$997,$225,(2/1/2/1/2),$2957,$0,(6/1/2/0/2),$1925,$0,(5/1/3/1/0),$2095,$127,(3/1/3/0/0),
	,week-32,$11343,$618,(23/7/16/8/11),$1581,$211,(2/1/1/1/1),$1176,$0,(2/1/1/1/2),$1216,$213,(2/1/2/1/1),$1683,$0,(3/1/2/2/2),$1902,$59,(5/1/4/2/2),$2444,$0,(6/1/3/0/2),$1339,$132,(3/1/3/1/1),
	,week-33,$1742,$0,(3/0/2/0/1),$1742,$0,(3/0/2/0/1),$0,$0,(0/0/0/0/0),$0,$0,(0/0/0/0/0),$0,$0,(0/0/0/0/0),$0,$0,(0/0/0/0/0),$0,$0,(0/0/0/0/0),$0,$0,(0/0/0/0/0),

22:00-23:00	,week-12,$4713,$3388,(36/6/11/3/10),$347,$630,(5/0/1/1/1),$270,$478,(5/0/2/0/1),$229,$625,(5/0/2/1/2),$49,$598,(3/2/2/0/1),$1872,$349,(9/2/2/1/2),$1404,$402,(6/1/2/0/2),$539,$304,(3/1/0/0/1),
	,week-13,$7770,$2259,(30/3/9/2/11),$414,$429,(4/0/1/0/1),$461,$415,(3/0/1/0/2),$828,$353,(6/0/1/0/1),$298,$377,(2/0/2/0/2),$1953,$146,(5/1/2/1/2),$2540,$283,(6/1/2/0/2),$1272,$252,(4/1/0/1/1),
	,week-14,$2971,$2364,(28/5/10/1/8),$150,$271,(3/0/0/0/1),$0,$228,(1/1/1/0/1),$294,$483,(4/1/1/0/2),$381,$383,(4/1/1/0/1),$1288,$137,(4/1/2/1/1),$697,$369,(5/1/4/0/1),$157,$491,(7/0/1/0/1),
	,week-15,$5713,$2602,(27/5/11/2/11),$307,$323,(3/0/1/0/1),$184,$178,(2/0/0/0/1),$531,$385,(3/1/1/0/1),$852,$463,(4/1/2/0/2),$2190,$492,(5/1/2/1/2),$1566,$327,(7/1/2/1/3),$79,$432,(3/1/3/0/1),
	,week-16,$5269,$2136,(16/7/15/4/7),$582,$281,(1/1/1/1/1),$738,$404,(2/2/2/0/1),$0,$176,(1/0/1/0/1),$0,$0,(0/0/0/0/0),$2446,$343,(5/2/4/2/2),$1104,$540,(4/1/4/1/1),$397,$390,(3/1/3/0/1),
	,week-17,$4019,$3161,(23/8/13/2/9),$130,$281,(2/0/1/0/1),$251,$277,(2/1/0/0/1),$535,$337,(3/1/1/0/1),$260,$170,(1/1/1/0/1),$914,$711,(5/1/3/1/2),$937,$790,(6/2/4/1/2),$988,$592,(4/2/3/0/1),
	,week-18,$3722,$3122,(25/2/14/3/8),$214,$218,(1/0/1/0/1),$214,$207,(1/0/1/0/1),$40,$255,(2/0/1/0/1),$0,$208,(2/0/1/0/0),$1679,$718,(7/0/4/1/2),$1135,$902,(7/1/4/1/2),$437,$611,(5/1/2/1/1),
	,week-19,$6255,$2895,(26/4/13/5/10),$324,$287,(2/0/1/0/1),$373,$315,(2/1/1/0/1),$0,$325,(2/0/2/0/1),$780,$307,(3/1/2/0/2),$2047,$689,(8/1/3/1/2),$2277,$477,(6/1/2/2/2),$451,$493,(3/0/2/2/1),
	,week-20,$5534,$2822,(25/4/13/2/8),$429,$344,(2/1/1/0/1),$375,$213,(2/0/0/0/1),$566,$415,(3/1/2/0/1),$332,$492,(3/1/2/0/1),$2275,$469,(6/1/4/1/2),$1459,$625,(7/0/2/1/2),$95,$261,(2/0/2/0/0),
	,week-21,$7797,$3902,(29/7/17/3/9),$493,$227,(2/1/0/0/1),$483,$409,(3/1/1/0/1),$1479,$647,(5/1/1/0/1),$923,$493,(4/1/2/0/1),$1718,$893,(6/1/5/1/2),$1238,$681,(6/1/5/1/1),$1459,$549,(3/1/3/1/2),
	,week-22,$5687,$3124,(21/3/15/3/7),$523,$325,(1/0/3/0/1),$110,$272,(3/0/1/0/0),$543,$211,(2/0/1/0/0),$801,$494,(3/1/3/0/1),$1458,$924,(6/1/3/1/2),$2162,$656,(5/1/3/1/2),$87,$239,(1/0/1/1/1),
	,week-23,$6047,$3306,(20/5/18/2/9),$167,$253,(1/0/2/0/1),$206,$224,(1/1/1/0/1),$479,$372,(2/1/2/0/1),$1399,$573,(4/1/3/0/1),$1862,$833,(5/1/4/1/3),$1556,$705,(5/1/3/1/1),$373,$344,(2/0/3/0/1),
	,week-24,$6933,$3718,(26/6/18/4/9),$600,$366,(2/1/2/0/1),$836,$425,(3/1/2/0/2),$94,$204,(1/1/1/0/0),$1579,$544,(4/1/2/1/1),$1531,$851,(6/1/4/1/2),$1758,$773,(6/1/3/1/3),$531,$552,(4/0/4/1/0),
	,week-25,$6049,$4359,(29/10/22/4/9),$0,$524,(3/2/2/1/1),$0,$719,(3/3/4/1/2),$649,$452,(4/1/2/0/0),$951,$628,(5/1/3/0/1),$2460,$813,(6/1/4/1/3),$1533,$856,(6/1/4/1/2),$454,$365,(2/1/3/0/0),
	,week-26,$4159,$3189,(20/7/14/3/8),$192,$302,(2/1/1/0/1),$542,$516,(2/2/3/0/1),$141,$425,(3/1/2/0/1),$573,$372,(2/1/2/0/1),$1701,$900,(6/1/3/2/3),$1007,$672,(5/1/3/1/1),$0,$0,(0/0/0/0/0),
	,week-27,$3531,$2642,(18/5/13/3/4),$56,$71,(0/1/0/0/0),$0,$129,(1/0/1/0/0),$581,$375,(2/1/2/0/1),$93,$193,(2/0/1/0/0),$1566,$819,(6/1/3/1/2),$1030,$682,(6/1/3/1/1),$201,$369,(1/1/3/1/0),
	,week-28,$5643,$3005,(23/6/16/1/8),$347,$187,(2/1/0/0/1),$937,$375,(2/1/2/0/1),$21,$71,(1/0/0/0/0),$799,$371,(3/1/2/0/0),$1312,$621,(5/1/3/1/3),$1823,$791,(6/1/5/0/2),$400,$586,(4/1/4/0/1),
	,week-29,$5251,$2655,(22/5/11/2/10),$311,$224,(2/1/0/0/1),$132,$98,(1/0/0/0/1),$926,$431,(3/1/1/0/2),$169,$408,(3/1/2/0/1),$1156,$800,(7/1/3/1/3),$2554,$655,(6/1/4/1/2),$0,$37,(0/0/1/0/0),
	,week-30,$4937,$2916,(19/8/9/4/10),$408,$346,(2/1/1/1/1),$0,$0,(0/0/0/0/0),$243,$310,(1/1/1/0/2),$370,$359,(2/1/2/0/1),$2180,$730,(6/1/1/1/3),$1734,$664,(5/2/3/1/1),$0,$505,(3/2/1/1/2),
	,week-31,$5715,$2431,(17/7/12/1/6),$860,$212,(1/1/1/0/1),$581,$245,(1/1/1/0/1),$604,$318,(2/1/1/0/1),$475,$211,(1/1/1/0/1),$1303,$502,(6/1/2/0/2),$1748,$661,(5/1/3/1/0),$141,$279,(1/1/3/0/0),
	,week-32,$6656,$3016,(21/5/15/4/10),$129,$162,(1/0/1/0/1),$804,$414,(2/1/1/1/2),$62,$193,(2/0/2/0/0),$1603,$535,(3/1/2/2/2),$1976,$686,(5/1/4/1/2),$1890,$702,(6/1/3/0/2),$189,$321,(2/1/2/0/1),
	,week-33,$326,$335,(3/0/2/0/1),$326,$335,(3/0/2/0/1),$0,$0,(0/0/0/0/0),$0,$0,(0/0/0/0/0),$0,$0,(0/0/0/0/0),$0,$0,(0/0/0/0/0),$0,$0,(0/0/0/0/0),$0,$0,(0/0/0/0/0),

23:00-24:00	,week-12,$444,$1490,(10/3/5/0/1),$0,$0,(0/0/0/0/0),$0,$175,(1/0/1/0/0),$0,$0,(0/0/0/0/0),$0,$0,(0/0/0/0/0),$317,$831,(6/2/2/0/1),$0,$400,(2/1/2/0/0),$127,$82,(1/0/0/0/0),
	,week-13,$184,$1605,(10/2/5/0/4),$0,$0,(0/0/0/0/0),$0,$0,(0/0/0/0/0),$0,$148,(1/0/1/0/0),$0,$0,(0/0/0/0/0),$184,$711,(4/1/2/0/2),$0,$509,(2/1/2/0/2),$0,$236,(3/0/0/0/0),
	,week-14,$148,$909,(5/1/7/1/0),$0,$0,(0/0/0/0/0),$0,$0,(0/0/0/0/0),$0,$0,(0/0/0/0/0),$0,$73,(0/0/1/0/0),$0,$476,(3/1/2/1/0),$148,$359,(2/0/4/0/0),$0,$0,(0/0/0/0/0),
	,week-15,$76,$851,(5/2/6/1/0),$0,$0,(0/0/0/0/0),$0,$0,(0/0/0/0/0),$0,$0,(0/0/0/0/0),$0,$156,(0/0/2/0/0),$55,$312,(2/1/2/0/0),$20,$383,(3/1/2/1/0),$0,$0,(0/0/0/0/0),
	,week-16,$0,$461,(4/0/7/0/0),$0,$0,(0/0/0/0/0),$0,$0,(0/0/0/0/0),$0,$0,(0/0/0/0/0),$0,$0,(0/0/0/0/0),$0,$449,(4/0/5/0/0),$0,$11,(0/0/2/0/0),$0,$0,(0/0/0/0/0),
	,week-17,$0,$0,(0/0/0/0/0),$0,$0,(0/0/0/0/0),$0,$0,(0/0/0/0/0),$0,$0,(0/0/0/0/0),$0,$0,(0/0/0/0/0),$0,$0,(0/0/0/0/0),$0,$0,(0/0/0/0/0),$0,$0,(0/0/0/0/0),
	,week-18,$143,$199,(1/0/2/0/0),$0,$0,(0/0/0/0/0),$0,$0,(0/0/0/0/0),$0,$0,(0/0/0/0/0),$0,$0,(0/0/0/0/0),$143,$199,(1/0/2/0/0),$0,$0,(0/0/0/0/0),$0,$0,(0/0/0/0/0),
	,week-19,$188,$761,(3/1/5/2/0),$0,$0,(0/0/0/0/0),$0,$0,(0/0/0/0/0),$0,$0,(0/0/0/0/0),$0,$0,(0/0/0/0/0),$188,$371,(1/0/3/1/0),$0,$389,(2/1/2/1/0),$0,$0,(0/0/0/0/0),
	,week-20,$114,$465,(2/1/4/0/0),$0,$0,(0/0/0/0/0),$0,$0,(0/0/0/0/0),$0,$0,(0/0/0/0/0),$0,$0,(0/0/0/0/0),$114,$392,(1/1/4/0/0),$0,$72,(1/0/0/0/0),$0,$0,(0/0/0/0/0),
	,week-21,$0,$138,(1/0/1/0/0),$0,$0,(0/0/0/0/0),$0,$0,(0/0/0/0/0),$0,$0,(0/0/0/0/0),$0,$0,(0/0/0/0/0),$0,$0,(0/0/0/0/0),$0,$138,(1/0/1/0/0),$0,$0,(0/0/0/0/0),
	,week-22,$0,$154,(0/0/1/1/0),$0,$0,(0/0/0/0/0),$0,$0,(0/0/0/0/0),$0,$0,(0/0/0/0/0),$0,$0,(0/0/0/0/0),$0,$0,(0/0/0/0/0),$0,$154,(0/0/1/1/0),$0,$0,(0/0/0/0/0),
	,week-23,$0,$0,(0/0/0/0/0),$0,$0,(0/0/0/0/0),$0,$0,(0/0/0/0/0),$0,$0,(0/0/0/0/0),$0,$0,(0/0/0/0/0),$0,$0,(0/0/0/0/0),$0,$0,(0/0/0/0/0),$0,$0,(0/0/0/0/0),
	,week-24,$0,$0,(0/0/0/0/0),$0,$0,(0/0/0/0/0),$0,$0,(0/0/0/0/0),$0,$0,(0/0/0/0/0),$0,$0,(0/0/0/0/0),$0,$0,(0/0/0/0/0),$0,$0,(0/0/0/0/0),$0,$0,(0/0/0/0/0),
	,week-25,$0,$234,(0/0/1/1/1),$0,$0,(0/0/0/0/0),$0,$67,(0/0/0/0/1),$0,$0,(0/0/0/0/0),$0,$0,(0/0/0/0/0),$0,$166,(0/0/1/1/0),$0,$0,(0/0/0/0/0),$0,$0,(0/0/0/0/0),
	,week-26,$0,$0,(0/0/0/0/0),$0,$0,(0/0/0/0/0),$0,$0,(0/0/0/0/0),$0,$0,(0/0/0/0/0),$0,$0,(0/0/0/0/0),$0,$0,(0/0/0/0/0),$0,$0,(0/0/0/0/0),$0,$0,(0/0/0/0/0),
	,week-27,$0,$0,(0/0/0/0/0),$0,$0,(0/0/0/0/0),$0,$0,(0/0/0/0/0),$0,$0,(0/0/0/0/0),$0,$0,(0/0/0/0/0),$0,$0,(0/0/0/0/0),$0,$0,(0/0/0/0/0),$0,$0,(0/0/0/0/0),
	,week-28,$0,$132,(0/0/2/0/1),$0,$0,(0/0/0/0/0),$0,$0,(0/0/0/0/0),$0,$0,(0/0/0/0/0),$0,$0,(0/0/0/0/0),$0,$132,(0/0/2/0/1),$0,$0,(0/0/0/0/0),$0,$0,(0/0/0/0/0),
	,week-29,$23,$195,(0/0/2/0/1),$0,$0,(0/0/0/0/0),$0,$0,(0/0/0/0/0),$0,$0,(0/0/0/0/0),$0,$0,(0/0/0/0/0),$0,$0,(0/0/0/0/0),$23,$195,(0/0/2/0/1),$0,$0,(0/0/0/0/0),
	,week-30,$0,$0,(0/0/0/0/0),$0,$0,(0/0/0/0/0),$0,$0,(0/0/0/0/0),$0,$0,(0/0/0/0/0),$0,$0,(0/0/0/0/0),$0,$0,(0/0/0/0/0),$0,$0,(0/0/0/0/0),$0,$0,(0/0/0/0/0),
	,week-31,$0,$214,(2/0/1/0/0),$0,$0,(0/0/0/0/0),$0,$0,(0/0/0/0/0),$0,$0,(0/0/0/0/0),$0,$0,(0/0/0/0/0),$0,$214,(2/0/1/0/0),$0,$0,(0/0/0/0/0),$0,$0,(0/0/0/0/0),
	,week-32,$262,$135,(1/0/2/0/0),$0,$0,(0/0/0/0/0),$0,$0,(0/0/0/0/0),$0,$0,(0/0/0/0/0),$0,$0,(0/0/0/0/0),$262,$135,(1/0/2/0/0),$0,$0,(0/0/0/0/0),$0,$0,(0/0/0/0/0),
	,week-33,$0,$0,(0/0/0/0/0),$0,$0,(0/0/0/0/0),$0,$0,(0/0/0/0/0),$0,$0,(0/0/0/0/0),$0,$0,(0/0/0/0/0),$0,$0,(0/0/0/0/0),$0,$0,(0/0/0/0/0),$0,$0,(0/0/0/0/0),

